market,regime,factor,mean_excess,info_ratio,mean_book,hit,n
IN,bull,trend,0.3023772020369189,2.342081001265326,1.0964001275724304,0.716012084592145,331
IN,bull,revert,-0.037050829790013506,-0.2759664672782717,0.7569720957454978,0.4743202416918429,331
IN,bull,mom126,0.27713007862381517,1.6567166544565348,1.0711530041593267,0.6404833836858006,331
IN,bull,mom_st,0.19722909737824992,1.2788354842764638,0.9912520229137612,0.6163141993957704,331
IN,bull,golden_cross,0.1767675989591788,1.5866489375928285,0.9707905244946903,0.6978851963746223,331
IN,bull,breakout,0.44455486000002636,2.0654307582973352,1.2385777855355378,0.6888217522658611,331
IN,bull,lowvol,-0.04128686090601276,-0.2096335828232324,0.7527360646294987,0.459214501510574,331
IN,bull,mom252,0.31168059345871485,1.759334290900832,1.183733894042888,0.6451612903225806,310
IN,bull,qual_mom,0.13853534233817208,0.4542465377870592,0.9325582678736835,0.5105740181268882,331
IN,bull,def_revert,-0.051114587149888875,-0.22884499381556342,0.7429083383856226,0.4743202416918429,331
IN,bear,trend,0.06740581490861768,0.14888198401215058,0.13482593325343947,0.5699481865284974,193
IN,bear,revert,0.12285970816445124,0.5139328534691604,0.19027982650927303,0.5284974093264249,193
IN,bear,mom126,0.10527670970813796,0.3708351660726458,0.1726968280529596,0.6476683937823834,193
IN,bear,mom_st,-0.20382478953220265,-0.8644566255425233,-0.13640467118738098,0.43523316062176165,193
IN,bear,golden_cross,0.22601449510612398,0.6519706304936097,0.29343461345094574,0.6528497409326425,193
IN,bear,breakout,0.2873670258563214,0.4780015853186488,0.3816815411443278,0.6041666666666666,192
IN,bear,lowvol,0.05927072793370698,0.1896268611818529,0.1266908462785287,0.5647668393782384,193
IN,bear,mom252,0.18019845410758123,0.5997774806123144,0.20563241195424858,0.6526315789473685,190
IN,bear,qual_mom,0.1173290187154616,0.24006143224812576,0.18474913706028342,0.5595854922279793,193
IN,bear,def_revert,0.22919421745571347,0.863078623226888,0.2626244748540375,0.5729166666666666,192
US,bull,trend,0.11406592389942313,0.6765053165371377,0.2724387929413078,0.5907928388746803,391
US,bull,revert,-0.07106470497391457,-0.3097149292115182,0.08730816406797012,0.48081841432225064,391
US,bull,mom126,0.1509940412524803,0.737359946945148,0.3058948870356924,0.6048387096774194,372
US,bull,mom_st,-0.046040922494023494,-0.25153261969690427,0.11233194654786119,0.4680306905370844,391
US,bull,golden_cross,0.1939341766409235,1.1769275605813287,0.3523070456828082,0.6163682864450127,391
US,bull,breakout,0.21246192209266632,0.7498679462204132,0.3673627678758783,0.5725806451612904,372
US,bull,lowvol,0.22744195368313552,0.6922112787700444,0.3838784228234288,0.5282051282051282,390
US,bull,mom252,0.2672587707252208,1.18786802824809,0.39693027345942433,0.6455331412103746,347
US,bull,qual_mom,0.29363267104186913,0.836757002522924,0.4485335168250812,0.5618279569892473,372
US,bull,def_revert,0.333184684675899,1.0368273582693561,0.4896211538161923,0.5717948717948718,390
US,bear,trend,-0.4264318675365287,-0.9147375243432492,0.051799795282468974,0.4921875,128
US,bear,revert,0.14696589149298198,0.47551730465183695,0.6251975543119795,0.546875,128
US,bear,mom126,0.02265469283138134,0.06274791148703338,0.4393708240016745,0.5748031496062992,127
US,bear,mom_st,-0.2223867624185269,-0.8072098347234703,0.25584490040047064,0.453125,128
US,bear,golden_cross,0.07797774560965451,0.1884538321697511,0.5562094084286521,0.609375,128
US,bear,breakout,-0.5263875587368054,-0.7890900140558358,-0.10967142756651202,0.5039370078740157,127
US,bear,lowvol,-0.04447050747733171,-0.11371253567147749,0.43376115534166587,0.515625,128
US,bear,mom252,0.1182918805318278,0.3553166445211476,0.5350080117021211,0.6062992125984252,127
US,bear,qual_mom,-0.11233828021787397,-0.22085175869002535,0.30437785095241926,0.5590551181102362,127
US,bear,def_revert,0.21352658452514847,0.5519180632961983,0.7409885761933255,0.5748031496062992,127
JP,bull,trend,0.05501973689501531,0.44295999452756835,0.47906774744731273,0.5522388059701493,402
JP,bull,revert,-0.00822736840226786,-0.07185351392522299,0.4158206421500297,0.4900497512437811,402
JP,bull,mom126,0.13282407294939783,0.8290026609532812,0.4814583564915638,0.5732984293193717,382
JP,bull,mom_st,0.044535679457187186,0.3397739636626253,0.46858369000948474,0.5248756218905473,402
JP,bull,golden_cross,0.07613526257846295,0.8354749422724435,0.5001832731307604,0.6243781094527363,402
JP,bull,breakout,0.12398541892422921,0.7644781743310527,0.4726197024663952,0.5863874345549738,382
JP,bull,lowvol,-0.01967734599481802,-0.10330633560979383,0.4050423915247702,0.4688279301745636,401
JP,bull,mom252,0.08057320920610604,0.47519306191865185,0.3776536821414465,0.5602240896358543,357
JP,bull,qual_mom,0.10137462632259173,0.5024082864778848,0.4500089098647578,0.5418848167539267,382
JP,bull,def_revert,0.004024136100553747,0.01954940154036489,0.41931397885460553,0.4975,400
JP,bear,trend,-0.5701929859224748,-1.8280764124844175,0.10262480790616964,0.41379310344827586,116
JP,bear,revert,0.17667729267679816,0.8441038970464653,1.046359122848599,0.5862068965517241,116
JP,bear,mom126,-0.2862473234073278,-1.4513257535966093,0.5409667697154785,0.4188034188034188,117
JP,bear,mom_st,-0.34308874364414665,-1.5128114776345682,0.4841253494786597,0.37606837606837606,117
JP,bear,golden_cross,-0.22373153409336985,-1.044866123050775,0.6034825590294365,0.41025641025641024,117
JP,bear,breakout,-0.4275342550259498,-1.1016666691685975,0.24528353880269474,0.4224137931034483,116
JP,bear,lowvol,-0.04970319443045952,-0.14944389330040575,0.7775108986923469,0.42735042735042733,117
JP,bear,mom252,-0.2279366406185816,-1.2467122661947847,0.5992774525042248,0.37606837606837606,117
JP,bear,qual_mom,-0.09965295369014641,-0.24351703315249282,0.72756113943266,0.452991452991453,117
JP,bear,def_revert,0.1526589227802318,0.5657171252070484,1.0078367313401908,0.49557522123893805,113
KR,bull,trend,0.2684877219195568,1.5219914034805153,0.1470412124462527,0.5914893617021276,235
KR,bull,revert,-0.12265995857726933,-0.7113769600379151,-0.2441064680505734,0.425531914893617,235
KR,bull,mom126,0.08812353586340146,0.43204196884125323,0.045980862263529196,0.5462555066079295,227
KR,bull,mom_st,0.11738528122478076,0.6318713867431544,-0.0040612282485233235,0.5957446808510638,235
KR,bull,golden_cross,0.14672804349120286,0.920428803400043,0.025281534017898757,0.6127659574468085,235
KR,bull,breakout,0.6583454981143173,2.0410358967326467,0.6162028245144453,0.6431718061674009,227
KR,bull,lowvol,0.24240142291995628,0.930720779469249,0.12172255585052413,0.6111111111111112,234
KR,bull,mom252,0.157182038230346,0.7314268939828034,0.10686869891534961,0.5534883720930233,215
KR,bull,qual_mom,0.5743266928470058,1.5566795577923926,0.5321840192471337,0.6299559471365639,227
KR,bull,def_revert,0.06126362148055643,0.22141548239545147,-0.05941524558887567,0.5384615384615384,234
KR,bear,trend,-0.6879943304004112,-1.512402887886666,-0.6045557548181426,0.3380281690140845,284
KR,bear,revert,0.15501995130640234,0.7927121995337297,0.2370351684179957,0.5724381625441696,283
KR,bear,mom126,-0.28566881388288246,-1.266158246312262,-0.20951545269422087,0.40808823529411764,272
KR,bear,mom_st,-0.40844416123140836,-1.5199531188185713,-0.32500558564913967,0.38380281690140844,284
KR,bear,golden_cross,-0.25279071832371836,-1.0368448654762459,-0.16935214274144966,0.41901408450704225,284
KR,bear,breakout,-0.37263133347350486,-0.5695984467485704,-0.2964779722848431,0.44485294117647056,272
KR,bear,lowvol,0.1980251715865019,0.5896330662971053,0.28146374716877054,0.5140845070422535,284
KR,bear,mom252,-0.138819491090511,-0.6595765729551382,-0.09871153090530857,0.47876447876447875,259
KR,bear,qual_mom,0.1689767671609973,0.3528924612641378,0.2451301283496589,0.5036764705882353,272
KR,bear,def_revert,0.39264064334906007,1.3160889150040955,0.47324751801591497,0.6156583629893239,281
EU,bull,trend,0.024221971678263465,0.18933443923949445,0.2446175812684134,0.5357142857142857,420
EU,bull,revert,0.010855627090918562,0.07670814381184805,0.23125123668106842,0.5166666666666667,420
EU,bull,mom126,0.14460647093081985,0.960842779767771,0.3352755416167452,0.6175,400
EU,bull,mom_st,-0.03397438635148758,-0.25186552735289935,0.18642122323866234,0.5023809523809524,420
EU,bull,golden_cross,0.1262077538009323,0.9516927441809431,0.3466033633910821,0.6404761904761904,420
EU,bull,breakout,0.14867319823720093,0.7510753439969001,0.33934226892312624,0.6,400
EU,bull,lowvol,0.031641769196493,0.18972235831935574,0.24931764717713295,0.5369928400954654,419
EU,bull,mom252,0.26764444637051926,1.3890377054028171,0.4051058791692544,0.6746666666666666,375
EU,bull,qual_mom,0.14249640858403378,0.6415693615257554,0.3331654792699591,0.58,400
EU,bull,def_revert,0.0313896325532808,0.15982574239354413,0.24906551053392084,0.5178997613365155,419
EU,bear,trend,-0.30291073602401625,-0.7243721646648338,0.8487067611174272,0.41836734693877553,98
EU,bear,revert,0.30290954494039113,1.1834818606684019,1.420955735281743,0.5959595959595959,99
EU,bear,mom126,-0.08590517760401475,-0.26721710951301053,1.032141012737337,0.5252525252525253,99
EU,bear,mom_st,-0.4324610373572948,-1.855858411728675,0.6855851529840569,0.32323232323232326,99
EU,bear,golden_cross,-0.07551440635280102,-0.20225198469418074,1.0425317839885504,0.494949494949495,99
EU,bear,breakout,-0.31215748346897987,-0.5285654357409428,0.7995482834092555,0.44329896907216493,97
EU,bear,lowvol,-0.19105791665382021,-0.5966311894967821,0.9269882736875312,0.41414141414141414,99
EU,bear,mom252,-0.14724634805613382,-0.4430902293716616,0.9707998422852175,0.494949494949495,99
EU,bear,qual_mom,-0.3034388108007416,-0.6739979256324423,0.81460737954061,0.42424242424242425,99
EU,bear,def_revert,0.10123391524653176,0.3505104443389348,1.4738770379960529,0.5463917525773195,97
