symbol,name,market,appearances,move_pct,entry_price,price,first_signal,last_signal,filters,best_detail,tier
THRM,,US,3,18.301939836941237,35.57,42.08,2026-07-13,2026-07-22,golden_cross_hist+technical,grade B,T2_LIQUID
JD.L,JD Sports,EU,3,8.75343721356554,87.28,94.92,2026-07-16,2026-07-22,golden_cross_hist+technical,grade B,T2_LIQUID
AMC,,US,3,8.536585365853666,2.46,2.67,2026-07-15,2026-07-22,golden_cross_hist+technical,grade A,T1_MOST_LIQUID
3076,あい　ホールディングス,JP,3,4.588839941262846,2724.0,2849.0,2026-07-15,2026-07-22,golden_cross_hist+technical,grade B,T2_LIQUID
BBOX.L,Tritax Big Box REIT,EU,3,4.39759036144578,166.0,173.3,2026-07-17,2026-07-22,golden_cross_hist+technical,grade B,T3_MID
FORR,,US,3,3.4102306920762215,9.97,10.31,2026-07-14,2026-07-22,golden_cross_hist+technical,grade B,T3_MID
NMIH,,US,3,3.096410978184383,42.63,43.95,2026-07-20,2026-07-22,golden_cross_hist+technical,grade B,T2_LIQUID
5108,ブリヂストン,JP,3,2.6469031233456786,3778.0,3878.0,2026-07-20,2026-07-22,golden_cross_hist+technical,grade A,T1_MOST_LIQUID
HQY,,US,3,2.3867313915857613,98.88,101.24,2026-07-20,2026-07-22,golden_cross_hist+technical,grade B,T1_MOST_LIQUID
MKS.L,Marks & Spencer,EU,3,2.223358037311529,391.3,400.0,2026-07-20,2026-07-22,golden_cross_hist+technical,grade B,T2_LIQUID
8075,神鋼商事,JP,3,2.1565495207667817,2504.0,2558.0,2026-07-20,2026-07-22,golden_cross_hist+technical,grade A,T3_MID
79940,가비아,KR,2,45.552147239263796,32600.0,47450.0,2026-07-21,2026-07-22,technical,grade B,T3_MID
2767,円谷フィールズホールディングス,JP,2,29.704301075268823,1488.0,1930.0,2026-07-21,2026-07-22,technical,grade B,T2_LIQUID
PRPL,,US,2,26.30769230769232,6.5,8.21,2026-07-20,2026-07-22,golden_cross_hist+technical,grade B,T3_MID
3697,ＳＨＩＦＴ,JP,2,24.020887728459538,766.0,950.0,2026-07-21,2026-07-22,technical,grade A,T1_MOST_LIQUID
PLSE,,US,2,22.479281767955793,28.96,35.47,2026-07-21,2026-07-22,technical,grade B,T3_MID
8541,愛媛銀行,JP,2,20.31185884283955,2437.0,2932.0,2026-07-21,2026-07-22,technical,grade A,T2_LIQUID
GSHD,,US,2,20.25161628516512,57.23,68.82,2026-07-21,2026-07-22,technical,grade B,T2_LIQUID
HAS.L,Hays,EU,2,19.999999999999996,53.75,64.5,2026-07-21,2026-07-22,technical,grade B,T4_ILLIQUID
RAND.AS,Randstad,EU,2,19.638403990024944,32.08,38.38,2026-07-21,2026-07-22,technical,grade B,T2_LIQUID
GNC.L,Greencore,EU,2,18.36734693877551,215.6,255.2,2026-07-21,2026-07-22,technical,grade B,T3_MID
AVTR,,US,2,16.51031894934334,10.66,12.42,2026-07-21,2026-07-22,technical,grade B,T1_MOST_LIQUID
89860,롯데렌탈,KR,2,15.236686390532551,33800.0,38950.0,2026-07-21,2026-07-22,technical,grade A,T2_LIQUID
GEF-B,,US,2,15.104788793571512,92.09,106.0,2026-07-21,2026-07-22,technical,grade B,T4_ILLIQUID
PAY,,US,2,15.065722952477234,29.67,34.14,2026-07-21,2026-07-22,technical,grade B,T3_MID
ABG,,US,2,14.691604797258705,210.12,240.99,2026-07-21,2026-07-22,technical,grade A,T2_LIQUID
ATRC,,US,2,14.32269197584124,34.77,39.75,2026-07-21,2026-07-22,technical,grade B,T2_LIQUID
2437,Ｓｈｉｎｗａ　Ｗｉｓｅ　Ｈｏｌｄｉｎｇｓ,JP,2,14.093959731543615,596.0,680.0,2026-07-21,2026-07-22,technical,grade B,T4_ILLIQUID
ETON,,US,2,13.610908205502792,41.07,46.66,2026-07-21,2026-07-22,technical,grade B,T4_ILLIQUID
9900,サガミホールディングス,JP,2,13.223140495867769,1815.0,2055.0,2026-07-21,2026-07-22,technical,grade B,T3_MID
REN.AS,RELX,EU,2,12.85030758714969,29.26,33.02,2026-07-21,2026-07-22,technical,grade B,T1_MOST_LIQUID
WPP.L,WPP,EU,2,12.783286118980186,282.4,318.5,2026-07-21,2026-07-22,technical,grade B,T2_LIQUID
TNET,,US,2,12.670950733234477,60.69,68.38,2026-07-21,2026-07-22,technical,grade B,T2_LIQUID
SGRO.L,Segro,EU,2,12.649649875762359,885.4,997.4,2026-07-21,2026-07-22,technical,grade A,T2_LIQUID
PAG,,US,2,12.537084398976983,195.5,220.01,2026-07-21,2026-07-22,technical,grade B,T2_LIQUID
WKC,,US,2,12.18487394957981,35.7,40.05,2026-07-21,2026-07-22,technical,grade B,T2_LIQUID
BWFG,,US,2,12.143575981214362,59.62,66.86,2026-07-21,2026-07-22,technical,grade B,T4_ILLIQUID
9308,乾汽船,JP,2,12.095808383233543,1670.0,1872.0,2026-07-21,2026-07-22,technical,grade B,T3_MID
WWW,,US,2,12.083780880773354,18.62,20.87,2026-07-21,2026-07-22,technical,grade B,T2_LIQUID
3091,ブロンコビリー,JP,2,12.06611570247933,2420.0,2712.0,2026-07-21,2026-07-22,technical,grade B,T2_LIQUID
WEX,,US,2,11.860052602605652,163.49,182.88,2026-07-21,2026-07-22,technical,grade B,T1_MOST_LIQUID
AN,,US,2,11.32838158759033,197.91,220.33,2026-07-21,2026-07-22,technical,grade B,T1_MOST_LIQUID
WPP,,US,2,10.9375,19.2,21.3,2026-07-21,2026-07-22,technical,grade B,T3_MID
RBCAA,,US,2,10.800396344819996,90.83,100.64,2026-07-21,2026-07-22,technical,grade A,T3_MID
GEF,,US,2,10.79213184476342,75.24,83.36,2026-07-21,2026-07-22,technical,grade B,T2_LIQUID
RELX,,US,2,10.73313782991201,34.1,37.76,2026-07-21,2026-07-22,technical,grade B,T2_LIQUID
ACX.MC,Acerinox,EU,2,10.661764705882337,16.32,18.06,2026-07-21,2026-07-22,technical,grade B,T3_MID
JAKK,,US,2,10.589700996677752,24.08,26.63,2026-07-21,2026-07-22,technical,grade B,T3_MID
SONO,,US,2,10.526315789473696,15.2,16.8,2026-07-21,2026-07-22,technical,grade B,T2_LIQUID
ACVA,,US,2,10.526315789473673,7.41,8.19,2026-07-21,2026-07-22,technical,grade B,T2_LIQUID
FAF,,US,2,10.358288024536444,71.73,79.16,2026-07-21,2026-07-22,technical,grade B,T2_LIQUID
MTUS,,US,2,10.350235232618932,19.13,21.11,2026-07-21,2026-07-22,technical,grade B,T3_MID
LAD,,US,2,10.18820345654714,325.18,358.31,2026-07-21,2026-07-22,technical,grade B,T1_MOST_LIQUID
3760,ケイブ,JP,2,10.186513629842175,697.0,768.0,2026-07-21,2026-07-22,technical,grade B,T4_ILLIQUID
AZTA,,US,2,10.167555217060166,26.26,28.93,2026-07-21,2026-07-22,technical,grade B,T2_LIQUID
HBT,,US,2,10.143161742308848,32.83,36.16,2026-07-21,2026-07-22,technical,grade B,T4_ILLIQUID
SLN,,US,2,10.104861773117268,10.49,11.55,2026-07-21,2026-07-22,technical,grade B,T4_ILLIQUID
ENOV,,US,2,9.985096870342769,26.84,29.52,2026-07-21,2026-07-22,technical,grade B,T2_LIQUID
BLKB,,US,2,9.944920440636484,32.68,35.93,2026-07-21,2026-07-22,technical,grade B,T2_LIQUID
BLFS,,US,2,9.934685458920601,29.09,31.98,2026-07-21,2026-07-22,technical,grade B,T2_LIQUID
DAC,,US,2,9.892776082022392,127.77,140.41,2026-07-21,2026-07-22,technical,grade B,T2_LIQUID
ARDT,,US,2,9.865900383141767,10.44,11.47,2026-07-21,2026-07-22,technical,grade A,T3_MID
SXC,,US,2,9.8086124401914,8.36,9.18,2026-07-21,2026-07-22,technical,grade B,T3_MID
8173,Ｊｏｓｈｉｎ,JP,2,9.782608695652172,3680.0,4040.0,2026-07-21,2026-07-22,technical,grade A,T2_LIQUID
CNK,,US,2,9.768315591734499,31.94,35.06,2026-07-21,2026-07-22,technical,grade A,T1_MOST_LIQUID
8388,阿波銀行,JP,2,9.762202753441795,7990.0,8770.0,2026-07-21,2026-07-22,technical,grade A,T2_LIQUID
MLKN,,US,2,9.614491407338587,21.53,23.6,2026-07-21,2026-07-22,technical,grade B,T2_LIQUID
EXPN.L,Experian,EU,2,9.515062454077894,2722.0,2981.0,2026-07-21,2026-07-22,technical,grade B,T1_MOST_LIQUID
KOLD,,US,2,9.486725663716822,28.25,30.93,2026-07-21,2026-07-22,technical,grade B,T1_MOST_LIQUID
8136,サンリオ,JP,2,9.322033898305083,1180.0,1290.0,2026-07-21,2026-07-22,technical,grade B,T1_MOST_LIQUID
ANF,,US,2,9.233375688267675,94.44,103.16,2026-07-21,2026-07-22,technical,grade B,T1_MOST_LIQUID
ESEA,,US,2,9.183381088825215,69.8,76.21,2026-07-21,2026-07-22,technical,grade B,T3_MID
5401,日本製鉄,JP,2,9.181969949916535,599.0,654.0,2026-07-21,2026-07-22,technical,grade A,T1_MOST_LIQUID
9240,한샘,KR,2,9.012875536480692,34950.0,38100.0,2026-07-21,2026-07-22,technical,grade A,T2_LIQUID
PCTY,,US,2,8.94807133317621,127.29,138.68,2026-07-21,2026-07-22,technical,grade B,T1_MOST_LIQUID
MPB,,US,2,8.794326241134765,35.25,38.35,2026-07-21,2026-07-22,technical,grade B,T4_ILLIQUID
STRT,,US,2,8.737268376487917,81.49,88.61,2026-07-21,2026-07-22,technical,grade B,T4_ILLIQUID
SOLV,,US,2,8.731861198738166,79.25,86.17,2026-07-21,2026-07-22,technical,grade B,T1_MOST_LIQUID
SAH,,US,2,8.667220261573583,96.34,104.69,2026-07-21,2026-07-22,technical,grade B,T2_LIQUID
KSS,,US,2,8.651109846328975,17.57,19.09,2026-07-21,2026-07-22,technical,grade B,T1_MOST_LIQUID
4612,日本ペイントホールディングス,JP,2,8.633093525179847,1112.0,1208.0,2026-07-21,2026-07-22,technical,grade B,T1_MOST_LIQUID
SRCE,,US,2,8.618003116384987,83.43,90.62,2026-07-21,2026-07-22,technical,grade B,T3_MID
CCR.L,C&C Group,EU,2,8.559919436052365,99.3,107.8,2026-07-21,2026-07-22,technical,grade B,T4_ILLIQUID
KNOS.L,Kainos,EU,2,8.554216867469888,830.0,901.0,2026-07-21,2026-07-22,technical,grade B,T3_MID
GDDY,,US,2,8.519611978068319,94.84,102.92,2026-07-21,2026-07-22,technical,grade B,T1_MOST_LIQUID
TMP,,US,2,8.509270174686524,93.31,101.25,2026-07-21,2026-07-22,technical,grade B,T3_MID
WDAY,,US,2,8.470316533079746,147.22,159.69,2026-07-21,2026-07-22,technical,grade A,T1_MOST_LIQUID
SIG,,US,2,8.40336134453783,90.44,98.04,2026-07-21,2026-07-22,technical,grade B,T1_MOST_LIQUID
VOD.L,Vodafone Group,EU,2,8.351648351648343,113.75,123.25,2026-07-21,2026-07-22,technical,grade B,T1_MOST_LIQUID
SCA-B.ST,SCA B,EU,2,8.341559723593296,101.3,109.75,2026-07-21,2026-07-22,technical,grade B,T2_LIQUID
9889,ＪＢＣＣホールディングス,JP,2,8.253094910591475,1454.0,1574.0,2026-07-21,2026-07-22,technical,grade B,T2_LIQUID
TRI,,US,2,8.23640364665199,95.43,103.29,2026-07-21,2026-07-22,technical,grade B,T1_MOST_LIQUID
4687,ＴＤＣソフト,JP,2,8.217821782178225,1010.0,1093.0,2026-07-21,2026-07-22,technical,grade B,T3_MID
KRT,,US,2,8.17544770308849,38.53,41.68,2026-07-21,2026-07-22,technical,grade B,T4_ILLIQUID
RS,,US,2,8.132160659759368,383.17,414.33,2026-07-21,2026-07-22,technical,grade B,T1_MOST_LIQUID
CBL,,US,2,8.100810081008092,55.55,60.05,2026-07-21,2026-07-22,technical,grade B,T3_MID
4684,オービック,JP,2,8.069096071935643,4226.0,4567.0,2026-07-21,2026-07-22,technical,grade B,T1_MOST_LIQUID
PAYC,,US,2,8.022176207334164,149.71,161.72,2026-07-21,2026-07-22,technical,grade B,T1_MOST_LIQUID
7832,バンダイナムコホールディングス,JP,2,8.0009553379508,4187.0,4522.0,2026-07-21,2026-07-22,technical,grade B,T1_MOST_LIQUID
SFIX,,US,2,7.928388746803061,3.91,4.22,2026-07-21,2026-07-22,technical,grade B,T2_LIQUID
8600,トモニホールディングス,JP,2,7.908428720083238,961.0,1037.0,2026-07-21,2026-07-22,technical,grade A,T2_LIQUID
IR,,US,2,7.882264903966063,80.18,86.5,2026-07-21,2026-07-22,technical,grade B,T1_MOST_LIQUID
AEBI,,US,2,7.843137254901955,12.75,13.75,2026-07-21,2026-07-22,technical,grade B,T3_MID
3994,マネーフォワード,JP,2,7.802093244529029,5255.0,5665.0,2026-07-21,2026-07-22,technical,grade B,T1_MOST_LIQUID
TRV,,US,2,7.793758480325641,368.5,397.22,2026-07-21,2026-07-22,technical,grade B,T1_MOST_LIQUID
HRB,,US,2,7.769784172661853,41.7,44.94,2026-07-21,2026-07-22,technical,grade B,T1_MOST_LIQUID
HURN,,US,2,7.7599218680635795,112.63,121.37,2026-07-21,2026-07-22,technical,grade B,T2_LIQUID
LIND,,US,2,7.753623188405778,27.6,29.74,2026-07-21,2026-07-22,technical,grade B,T3_MID
DCBO,,US,2,7.75154004106775,19.48,20.99,2026-07-21,2026-07-22,technical,grade B,T3_MID
EVO.ST,Evolution,EU,2,7.745465015836439,694.6,748.4,2026-07-21,2026-07-22,technical,grade B,T1_MOST_LIQUID
IDT,,US,2,7.67766497461928,63.04,67.88,2026-07-21,2026-07-22,technical,grade B,T3_MID
7581,サイゼリヤ,JP,2,7.55494505494505,7280.0,7830.0,2026-07-21,2026-07-22,technical,grade B,T1_MOST_LIQUID
HMC,,US,2,7.490237841675529,28.17,30.28,2026-07-21,2026-07-22,technical,grade B,T2_LIQUID
3660,アイスタイル,JP,2,7.407407407407418,405.0,435.0,2026-07-21,2026-07-22,technical,grade B,T2_LIQUID
SONY,,US,2,7.375886524822706,21.15,22.71,2026-07-21,2026-07-22,technical,grade B,T1_MOST_LIQUID
ATHM,,US,2,7.3728418105459825,21.43,23.01,2026-07-21,2026-07-22,technical,grade B,T2_LIQUID
LTH,,US,2,7.339449541284404,42.51,45.63,2026-07-21,2026-07-22,technical,grade B,T2_LIQUID
3563,ＦＯＯＤ　＆　ＬＩＦＥ　ＣＯＭＰＡＮＩＥＳ,JP,2,7.315247895229193,5345.0,5736.0,2026-07-21,2026-07-22,technical,grade B,T1_MOST_LIQUID
ZGN,,US,2,7.311827956989259,13.95,14.97,2026-07-21,2026-07-22,technical,grade B,T3_MID
DFIN,,US,2,7.30165204976545,49.03,52.61,2026-07-21,2026-07-22,technical,grade B,T2_LIQUID
KFY,,US,2,7.280184568059478,78.02,83.7,2026-07-21,2026-07-22,technical,grade B,T2_LIQUID
9746,ＴＫＣ,JP,2,7.270233196159115,3645.0,3910.0,2026-07-21,2026-07-22,technical,grade B,T2_LIQUID
PEBO,,US,2,7.209951764407196,39.39,42.23,2026-07-21,2026-07-22,technical,grade A,T3_MID
AMRX,,US,2,7.200000000000006,17.5,18.76,2026-07-21,2026-07-22,technical,grade B,T3_MID
9090,ＡＺ－ＣＯＭ丸和ホールディングス,JP,2,7.110091743119273,872.0,934.0,2026-07-21,2026-07-22,technical,grade B,T2_LIQUID
FCH.L,Funding Circle,EU,2,7.038834951456319,206.0,220.5,2026-07-21,2026-07-22,technical,grade A,T4_ILLIQUID
BIP,,US,2,7.018887187340472,39.18,41.93,2026-07-21,2026-07-22,technical,grade B,T2_LIQUID
DOCU,,US,2,7.0172084130019075,52.3,55.97,2026-07-21,2026-07-22,technical,grade B,T1_MOST_LIQUID
MCK,,US,2,6.980492146344974,831.46,889.5,2026-07-21,2026-07-22,technical,grade B,T1_MOST_LIQUID
8387,四国銀行,JP,2,6.955177743431218,3235.0,3460.0,2026-07-21,2026-07-22,technical,grade A,T2_LIQUID
F,,US,2,6.933523945675479,13.99,14.96,2026-07-21,2026-07-22,technical,grade B,T1_MOST_LIQUID
ADUS,,US,2,6.923766816143506,111.5,119.22,2026-07-21,2026-07-22,technical,grade B,T2_LIQUID
3626,ＴＩＳ,JP,2,6.921105098262603,3511.0,3754.0,2026-07-21,2026-07-22,technical,grade B,T1_MOST_LIQUID
9602,東宝,JP,2,6.898954703832749,1435.0,1534.0,2026-07-21,2026-07-22,technical,grade B,T1_MOST_LIQUID
VOC,,US,2,6.896551724137945,3.19,3.41,2026-07-21,2026-07-22,technical,grade A,T4_ILLIQUID
4523,エーザイ,JP,2,6.89424364123159,4482.0,4791.0,2026-07-21,2026-07-22,technical,grade B,T1_MOST_LIQUID
HELP,,US,2,6.891701828410679,7.11,7.6,2026-07-21,2026-07-22,technical,grade B,T3_MID
NUVB,,US,2,6.869009584664543,6.26,6.69,2026-07-21,2026-07-22,technical,grade A,T3_MID
OSBC,,US,2,6.864406779661003,23.6,25.22,2026-07-21,2026-07-22,technical,grade B,T3_MID
GWRE,,US,2,6.843622226690793,149.19,159.4,2026-07-21,2026-07-22,technical,grade B,T1_MOST_LIQUID
6083,ＥＲＩホールディングス,JP,2,6.807351940095296,1469.0,1569.0,2026-07-21,2026-07-22,technical,grade A,T3_MID
PINS,,US,2,6.795265234546255,22.81,24.36,2026-07-21,2026-07-22,technical,grade B,T1_MOST_LIQUID
FBP,,US,2,6.780896828290195,27.43,29.29,2026-07-21,2026-07-22,technical,grade B,T2_LIQUID
CLW,,US,2,6.768292682926846,16.4,17.51,2026-07-21,2026-07-22,technical,grade B,T3_MID
FMBH,,US,2,6.718084026791149,49.27,52.58,2026-07-21,2026-07-22,technical,grade B,T3_MID
7184,富山第一銀行,JP,2,6.662064204349316,2897.0,3090.0,2026-07-21,2026-07-22,technical,grade A,T2_LIQUID
3191,ジョイフル本田,JP,2,6.608695652173924,2300.0,2452.0,2026-07-21,2026-07-22,technical,grade B,T2_LIQUID
CHCO,,US,2,6.591143151390333,135.94,144.9,2026-07-21,2026-07-22,technical,grade B,T3_MID
9022,東海旅客鉄道,JP,2,6.565919749869731,3838.0,4090.0,2026-07-21,2026-07-22,technical,grade B,T1_MOST_LIQUID
DPZ,,US,2,6.535550354135644,328.97,350.47,2026-07-21,2026-07-22,technical,grade A,T1_MOST_LIQUID
7550,ゼンショーホールディングス,JP,2,6.5297297297297385,9250.0,9854.0,2026-07-21,2026-07-22,technical,grade B,T1_MOST_LIQUID
TASK,,US,2,6.529209621993126,5.82,6.2,2026-07-21,2026-07-22,technical,grade B,T3_MID
CTAS,,US,2,6.491575817641215,201.8,214.9,2026-07-21,2026-07-22,technical,grade B,T1_MOST_LIQUID
ROST,,US,2,6.467893799304436,235.78,251.03,2026-07-21,2026-07-22,technical,grade B,T1_MOST_LIQUID
ENSG,,US,2,6.451987909788426,172.04,183.14,2026-07-21,2026-07-22,technical,grade B,T2_LIQUID
VOD,,US,2,6.428571428571428,15.4,16.39,2026-07-21,2026-07-22,technical,grade B,T1_MOST_LIQUID
CHMG,,US,2,6.425233644859807,77.04,81.99,2026-07-21,2026-07-22,technical,grade B,T4_ILLIQUID
ONC,,US,2,6.400927297314696,310.58,330.46,2026-07-21,2026-07-22,technical,grade B,T1_MOST_LIQUID
ICG.L,ICG,EU,2,6.39470782800442,1814.0,1930.0,2026-07-21,2026-07-22,technical,grade B,T2_LIQUID
FNF,,US,2,6.370428627605196,50.86,54.1,2026-07-21,2026-07-22,technical,grade B,T1_MOST_LIQUID
3382,セブン＆アイ・ホールディングス,JP,2,6.364513018322082,2074.0,2206.0,2026-07-21,2026-07-22,technical,grade B,T1_MOST_LIQUID
GLBE,,US,2,6.342263531984682,36.58,38.9,2026-07-21,2026-07-22,technical,grade A,T1_MOST_LIQUID
8725,ＭＳ＆ＡＤインシュアランスグループホールディングス,JP,2,6.308016877637135,4740.0,5039.0,2026-07-21,2026-07-22,technical,grade A,T1_MOST_LIQUID
8399,琉球銀行,JP,2,6.289529163738572,2846.0,3025.0,2026-07-21,2026-07-22,technical,grade B,T2_LIQUID
APAM,,US,2,6.264621783207702,38.47,40.88,2026-07-21,2026-07-22,technical,grade B,T2_LIQUID
GIC,,US,2,6.251825883727724,34.23,36.37,2026-07-21,2026-07-22,technical,grade B,T3_MID
SAAB-B.ST,Saab B,EU,2,6.249999999999978,579.2,615.4,2026-07-21,2026-07-22,technical,grade B,T1_MOST_LIQUID
7460,ヤギ,JP,2,6.239267315397834,1747.0,1856.0,2026-07-21,2026-07-22,technical,grade B,T4_ILLIQUID
GPN,,US,2,6.179434260046124,82.37,87.46,2026-07-21,2026-07-22,technical,grade A,T1_MOST_LIQUID
XNCR,,US,2,6.166932482721954,18.81,19.97,2026-07-21,2026-07-22,technical,grade A,T2_LIQUID
ADBE,,US,2,6.1514867512993066,234.74,249.18,2026-07-21,2026-07-22,technical,grade B,T1_MOST_LIQUID
9861,吉野家ホールディングス,JP,2,6.136680613668055,3585.0,3805.0,2026-07-21,2026-07-22,technical,grade A,T1_MOST_LIQUID
SPI.L,Spire Healthcare,EU,2,6.136363636363629,220.0,233.5,2026-07-21,2026-07-22,technical,grade B,T4_ILLIQUID
3360,シップヘルスケアホールディングス,JP,2,6.086221470836861,2366.0,2510.0,2026-07-21,2026-07-22,technical,grade B,T2_LIQUID
GSL,,US,2,6.082725060827254,41.1,43.6,2026-07-21,2026-07-22,technical,grade B,T2_LIQUID
ATR,,US,2,6.081133092140711,129.91,137.81,2026-07-21,2026-07-22,technical,grade B,T2_LIQUID
LEA,,US,2,6.078767123287676,140.16,148.68,2026-07-21,2026-07-22,technical,grade B,T1_MOST_LIQUID
CXM,,US,2,6.050420168067228,5.95,6.31,2026-07-21,2026-07-22,technical,grade A,T2_LIQUID
3179,シュッピン,JP,2,5.996758508914102,1234.0,1308.0,2026-07-21,2026-07-22,technical,grade A,T3_MID
4768,大塚商会,JP,2,5.964797913950459,3068.0,3251.0,2026-07-21,2026-07-22,technical,grade B,T1_MOST_LIQUID
LCNB,,US,2,5.906108026249379,19.81,20.98,2026-07-21,2026-07-22,technical,grade A,T4_ILLIQUID
6758,ソニーグループ,JP,2,5.899363794100632,3458.0,3662.0,2026-07-21,2026-07-22,technical,grade B,T1_MOST_LIQUID
INSW,,US,2,5.88235294117645,88.4,93.6,2026-07-21,2026-07-22,technical,grade B,T2_LIQUID
HST,,US,2,5.860349127182052,24.06,25.47,2026-07-21,2026-07-22,technical,grade B,T1_MOST_LIQUID
HLNE,,US,2,5.81560283687943,84.6,89.52,2026-07-21,2026-07-22,technical,grade B,T2_LIQUID
BL,,US,2,5.794701986754958,30.2,31.95,2026-07-21,2026-07-22,technical,grade B,T2_LIQUID
GGB,,US,2,5.769230769230771,4.68,4.95,2026-07-21,2026-07-22,technical,grade B,T2_LIQUID
KNSL,,US,2,5.7492931196984065,350.13,370.26,2026-07-21,2026-07-22,technical,grade B,T1_MOST_LIQUID
BMY,,US,2,5.718085106382986,60.16,63.6,2026-07-21,2026-07-22,technical,grade B,T1_MOST_LIQUID
SYBT,,US,2,5.717821782178234,80.8,85.42,2026-07-21,2026-07-22,technical,grade B,T3_MID
UFI,,US,2,5.681818181818166,6.16,6.51,2026-07-21,2026-07-22,technical,grade B,T4_ILLIQUID
QCRH,,US,2,5.657289002557553,97.75,103.28,2026-07-21,2026-07-22,technical,grade B,T3_MID
7383,ネットプロテクションズホールディングス,JP,2,5.6372549019607865,408.0,431.0,2026-07-21,2026-07-22,technical,grade B,T2_LIQUID
HAE,,US,2,5.5903799411539,78.17,82.54,2026-07-21,2026-07-22,technical,grade B,T2_LIQUID
ELF,,US,2,5.58694287507846,79.65,84.1,2026-07-21,2026-07-22,technical,grade A,T1_MOST_LIQUID
SCSC,,US,2,5.5862831858407125,54.24,57.27,2026-07-21,2026-07-22,technical,grade B,T3_MID
OOMA,,US,2,5.579399141630903,20.97,22.14,2026-07-21,2026-07-22,technical,grade A,T3_MID
KHC,,US,2,5.568445475638062,25.86,27.3,2026-07-21,2026-07-22,technical,grade B,T1_MOST_LIQUID
MRSH,,US,2,5.540911587040087,182.1,192.19,2026-07-21,2026-07-22,technical,grade A,T1_MOST_LIQUID
BPT.L,Bridgepoint Group,EU,2,5.5299539170506895,303.8,320.6,2026-07-21,2026-07-22,technical,grade B,T3_MID
FIVN,,US,2,5.525291828793777,25.7,27.12,2026-07-21,2026-07-22,technical,grade B,T1_MOST_LIQUID
ABT,,US,2,5.518394648829439,101.66,107.27,2026-07-21,2026-07-22,technical,grade B,T1_MOST_LIQUID
9769,学究社,JP,2,5.499612703330747,2582.0,2724.0,2026-07-21,2026-07-22,technical,grade B,T4_ILLIQUID
SMG,,US,2,5.48340548340549,69.3,73.1,2026-07-21,2026-07-22,technical,grade B,T1_MOST_LIQUID
VRTS,,US,2,5.482239763196861,162.16,171.05,2026-07-21,2026-07-22,technical,grade B,T2_LIQUID
ELM.L,Elementis,EU,2,5.459057071960305,161.2,170.0,2026-07-21,2026-07-22,technical,grade B,T4_ILLIQUID
ACIW,,US,2,5.45102866186038,56.87,59.97,2026-07-21,2026-07-22,technical,grade B,T2_LIQUID
BR,,US,2,5.439274763364876,150.02,158.18,2026-07-21,2026-07-22,technical,grade B,T1_MOST_LIQUID
CAG,,US,2,5.39617486338797,14.64,15.43,2026-07-21,2026-07-22,technical,grade A,T1_MOST_LIQUID
CARS,,US,2,5.3467000835421885,11.97,12.61,2026-07-21,2026-07-22,technical,grade B,T3_MID
4432,ウイングアーク１ｓｔ,JP,2,5.344827586206891,2900.0,3055.0,2026-07-21,2026-07-22,technical,grade A,T2_LIQUID
4816,東映アニメーション,JP,2,5.335753176043556,2755.0,2902.0,2026-07-21,2026-07-22,technical,grade B,T1_MOST_LIQUID
PETS.L,Pets at Home,EU,2,5.316973415132931,195.6,206.0,2026-07-21,2026-07-22,technical,grade B,T4_ILLIQUID
3561,力の源ホールディングス,JP,2,5.312500000000009,1600.0,1685.0,2026-07-21,2026-07-22,technical,grade B,T3_MID
KMX,,US,2,5.312108746199251,55.91,58.88,2026-07-21,2026-07-22,technical,grade B,T1_MOST_LIQUID
4441,トビラシステムズ,JP,2,5.286624203821666,1570.0,1653.0,2026-07-21,2026-07-22,technical,grade A,T4_ILLIQUID
GABC,,US,2,5.282707387536112,48.46,51.02,2026-07-21,2026-07-22,technical,grade B,T3_MID
NRT,,US,2,5.269607843137258,8.16,8.59,2026-07-21,2026-07-22,technical,grade A,T4_ILLIQUID
RJF,,US,2,5.263783269961975,168.32,177.18,2026-07-21,2026-07-22,technical,grade B,T1_MOST_LIQUID
6457,グローリー,JP,2,5.255748474894406,4262.0,4486.0,2026-07-21,2026-07-22,technical,grade A,T2_LIQUID
WGO,,US,2,5.244182235332673,30.51,32.11,2026-07-21,2026-07-22,technical,grade B,T2_LIQUID
DDL,,US,2,5.240174672489095,2.29,2.41,2026-07-21,2026-07-22,technical,grade B,T3_MID
RS1.L,RS Group,EU,2,5.2400954942431355,661.82,696.5,2026-07-21,2026-07-22,technical,grade B,T3_MID
RUSHA,,US,2,5.205552589428719,74.92,78.82,2026-07-21,2026-07-22,technical,grade B,T2_LIQUID
9110,ＮＳユナイテッド海運,JP,2,5.189340813464227,7130.0,7500.0,2026-07-21,2026-07-22,technical,grade A,T2_LIQUID
VRSK,,US,2,5.188562366816996,201.79,212.26,2026-07-21,2026-07-22,technical,grade B,T1_MOST_LIQUID
ZBIO,,US,2,5.17915309446253,30.7,32.29,2026-07-21,2026-07-22,technical,grade B,T3_MID
EDEN.PA,Edenred,EU,2,5.149253731343273,26.8,28.18,2026-07-21,2026-07-22,technical,grade B,T2_LIQUID
UPWK,,US,2,5.144694533762073,9.33,9.81,2026-07-21,2026-07-22,technical,grade A,T2_LIQUID
VTRS,,US,2,5.120659211300782,16.99,17.86,2026-07-21,2026-07-22,technical,grade B,T1_MOST_LIQUID
BBY,,US,2,5.098085281334441,85.13,89.47,2026-07-21,2026-07-22,technical,grade B,T1_MOST_LIQUID
BURL,,US,2,5.0746862043505425,352.14,370.01,2026-07-21,2026-07-22,technical,grade A,T1_MOST_LIQUID
NHC,,US,2,5.057303983991268,219.88,231.0,2026-07-21,2026-07-22,technical,grade B,T3_MID
NXST,,US,2,5.052859853618874,184.45,193.77,2026-07-21,2026-07-22,technical,grade B,T1_MOST_LIQUID
PRU,,US,2,5.05213189794016,117.97,123.93,2026-07-21,2026-07-22,technical,grade B,T1_MOST_LIQUID
MFC,,US,2,5.035294117647071,42.5,44.64,2026-07-21,2026-07-22,technical,grade B,T1_MOST_LIQUID
9616,共立メンテナンス,JP,2,5.024000000000006,3125.0,3282.0,2026-07-21,2026-07-22,technical,grade A,T1_MOST_LIQUID
PFIS,,US,2,5.022631041027914,68.49,71.93,2026-07-21,2026-07-22,technical,grade B,T4_ILLIQUID
KELYA,,US,2,5.006501950585163,15.38,16.15,2026-07-21,2026-07-22,technical,grade B,T3_MID
8392,大分銀行,JP,2,5.003819709702073,2618.0,2749.0,2026-07-21,2026-07-22,technical,grade A,T2_LIQUID
6995,東海理化電機製作所,JP,2,4.97592295345104,3115.0,3270.0,2026-07-21,2026-07-22,golden_cross_hist+technical,grade B,T2_LIQUID
CRAI,,US,2,4.9568462794495005,171.48,179.98,2026-07-21,2026-07-22,technical,grade B,T3_MID
JAN,,US,2,4.940318302387259,30.16,31.65,2026-07-21,2026-07-22,technical,grade B,T2_LIQUID
LZ,,US,2,4.935064935064926,7.7,8.08,2026-07-21,2026-07-22,technical,grade B,T2_LIQUID
6988,日東電工,JP,2,4.933008526187566,3284.0,3446.0,2026-07-21,2026-07-22,technical,grade B,T1_MOST_LIQUID
REXR,,US,2,4.930913031698725,36.91,38.73,2026-07-21,2026-07-22,technical,grade B,T1_MOST_LIQUID
7839,ＳＨＯＥＩ,JP,2,4.9284578696343395,1887.0,1980.0,2026-07-21,2026-07-22,technical,grade B,T2_LIQUID
GCT,,US,2,4.925723221266609,38.37,40.26,2026-07-21,2026-07-22,technical,grade B,T2_LIQUID
7102,日本車輌製造,JP,2,4.924760601915179,3655.0,3835.0,2026-07-21,2026-07-22,technical,grade B,T3_MID
9020,東日本旅客鉄道,JP,2,4.904109589041106,3650.0,3829.0,2026-07-21,2026-07-22,technical,grade B,T1_MOST_LIQUID
1976,明星工業,JP,2,4.883227176220806,1884.0,1976.0,2026-07-21,2026-07-22,technical,grade B,T3_MID
MCS,,US,2,4.878048780487809,23.78,24.94,2026-07-21,2026-07-22,technical,grade B,T3_MID
9081,神奈川中央交通,JP,2,4.862023653088032,3805.0,3990.0,2026-07-21,2026-07-22,technical,grade A,T4_ILLIQUID
SMA,,US,2,4.859259259259252,33.75,35.39,2026-07-21,2026-07-22,technical,grade B,T2_LIQUID
BIPC,,US,2,4.858199753390902,40.55,42.52,2026-07-21,2026-07-22,technical,grade B,T2_LIQUID
ADT,,US,2,4.857142857142849,7.0,7.34,2026-07-21,2026-07-22,technical,grade B,T2_LIQUID
3539,ＪＭホールディングス,JP,2,4.841149773071107,1322.0,1386.0,2026-07-21,2026-07-22,technical,grade A,T3_MID
MET,,US,2,4.839230024733832,92.99,97.49,2026-07-21,2026-07-22,technical,grade B,T1_MOST_LIQUID
TOST,,US,2,4.82982171799029,30.85,32.34,2026-07-21,2026-07-22,technical,grade B,T1_MOST_LIQUID
ORNBV.HE,Orion,EU,2,4.808959156785231,75.9,79.55,2026-07-21,2026-07-22,technical,grade B,T3_MID
9064,ヤマトホールディングス,JP,2,4.7972304648862485,2022.0,2119.0,2026-07-21,2026-07-22,technical,grade B,T1_MOST_LIQUID
9021,西日本旅客鉄道,JP,2,4.790619765494131,2985.0,3128.0,2026-07-21,2026-07-22,technical,grade B,T1_MOST_LIQUID
9101,日本郵船,JP,2,4.768534632788035,5746.0,6020.0,2026-07-21,2026-07-22,technical,grade B,T1_MOST_LIQUID
MUFG,,US,2,4.764128911723486,21.41,22.43,2026-07-21,2026-07-22,technical,grade B,T2_LIQUID
HSBC,,US,2,4.736895263104723,99.01,103.7,2026-07-21,2026-07-22,technical,grade B,T1_MOST_LIQUID
CASS,,US,2,4.7155688622754655,53.44,55.96,2026-07-21,2026-07-22,technical,grade B,T3_MID
8360,山梨中央銀行,JP,2,4.704097116843697,6590.0,6900.0,2026-07-21,2026-07-22,technical,grade A,T2_LIQUID
LPP.WA,LPP,EU,2,4.695304695304703,20020.0,20960.0,2026-07-21,2026-07-22,technical,grade B,T2_LIQUID
5929,三和ホールディングス,JP,2,4.6875,3776.0,3953.0,2026-07-21,2026-07-22,technical,grade B,T1_MOST_LIQUID
GCO,,US,2,4.678677063726822,37.19,38.93,2026-07-21,2026-07-22,technical,grade B,T3_MID
OMC,,US,2,4.674031807696966,82.37,86.22,2026-07-21,2026-07-22,technical,grade B,T1_MOST_LIQUID
2212,山崎製パン,JP,2,4.62633451957295,3372.0,3528.0,2026-07-21,2026-07-22,technical,grade B,T1_MOST_LIQUID
KIE.L,Kier Group,EU,2,4.622871046228716,230.16,240.8,2026-07-21,2026-07-22,technical,grade B,T3_MID
IART,,US,2,4.605611434621504,18.89,19.76,2026-07-21,2026-07-22,technical,grade B,T2_LIQUID
ANGO,,US,2,4.59518599562363,13.71,14.34,2026-07-21,2026-07-22,technical,grade A,T3_MID
AJG,,US,2,4.592761964834824,253.66,265.31,2026-07-21,2026-07-22,technical,grade B,T1_MOST_LIQUID
MONY.L,MONY Group,EU,2,4.591061112800254,197.34,206.4,2026-07-21,2026-07-22,technical,grade B,T4_ILLIQUID
8630,ＳＯＭＰＯホールディングス,JP,2,4.578174488914488,6946.0,7264.0,2026-07-21,2026-07-22,technical,grade A,T1_MOST_LIQUID
CTBI,,US,2,4.55032119914347,74.72,78.12,2026-07-21,2026-07-22,technical,grade B,T3_MID
CNA,,US,2,4.536004536004556,52.91,55.31,2026-07-21,2026-07-22,technical,grade B,T2_LIQUID
GBX,,US,2,4.519774011299416,49.56,51.8,2026-07-21,2026-07-22,technical,grade B,T2_LIQUID
GFTU.L,Grafton Group,EU,2,4.509340777324455,931.4,973.4,2026-07-21,2026-07-22,technical,grade B,T3_MID
WTB.L,Whitbread,EU,2,4.485049833887045,2408.0,2516.0,2026-07-21,2026-07-22,technical,grade B,T2_LIQUID
MGA,,US,2,4.480775052982122,66.06,69.02,2026-07-21,2026-07-22,technical,grade B,T1_MOST_LIQUID
FBIZ,,US,2,4.4721630666261225,65.74,68.68,2026-07-21,2026-07-22,technical,grade A,T4_ILLIQUID
4224,ロンシール工業,JP,2,4.466019417475731,2060.0,2152.0,2026-07-21,2026-07-22,technical,grade A,T4_ILLIQUID
ITGR,,US,2,4.464564470808607,96.09,100.38,2026-07-21,2026-07-22,technical,grade B,T2_LIQUID
3197,すかいらーくホールディングス,JP,2,4.46280991735537,3025.0,3160.0,2026-07-21,2026-07-22,technical,grade B,T1_MOST_LIQUID
NDAQ,,US,2,4.451942962882316,91.87,95.96,2026-07-21,2026-07-22,technical,grade B,T1_MOST_LIQUID
TRN,,US,2,4.444444444444429,36.45,38.07,2026-07-21,2026-07-22,technical,grade B,T2_LIQUID
CRM,,US,2,4.436388745037112,173.79,181.5,2026-07-21,2026-07-22,technical,grade B,T1_MOST_LIQUID
DKL,,US,2,4.4343891402715,55.25,57.7,2026-07-21,2026-07-22,technical,grade B,T3_MID
SLG,,US,2,4.429133858267709,50.8,53.05,2026-07-21,2026-07-22,technical,grade B,T1_MOST_LIQUID
6902,デンソー,JP,2,4.417670682730934,1992.0,2080.0,2026-07-21,2026-07-22,technical,grade B,T1_MOST_LIQUID
4902,コニカミノルタ,JP,2,4.416403785488954,634.0,662.0,2026-07-21,2026-07-22,technical,grade A,T1_MOST_LIQUID
AFL,,US,2,4.408446163765323,124.08,129.55,2026-07-21,2026-07-22,technical,grade B,T1_MOST_LIQUID
LPLA,,US,2,4.402975972679601,327.96,342.4,2026-07-21,2026-07-22,technical,grade B,T1_MOST_LIQUID
2433,博報堂ＤＹホールディングス,JP,2,4.365079365079372,1260.0,1315.0,2026-07-21,2026-07-22,technical,grade B,T1_MOST_LIQUID
TXRH,,US,2,4.341180067257722,196.26,204.78,2026-07-21,2026-07-22,technical,grade B,T1_MOST_LIQUID
SB,,US,2,4.32960893854748,7.16,7.47,2026-07-21,2026-07-22,technical,grade A,T3_MID
DLX,,US,2,4.3295019157088,26.1,27.23,2026-07-21,2026-07-22,technical,grade B,T3_MID
3836,アバントグループ,JP,2,4.326530612244905,1225.0,1278.0,2026-07-21,2026-07-22,technical,grade B,T3_MID
MAN,,US,2,4.311805686311421,53.11,55.4,2026-07-21,2026-07-22,technical,grade B,T2_LIQUID
GLRE,,US,2,4.306784660766971,16.95,17.68,2026-07-21,2026-07-22,technical,grade B,T4_ILLIQUID
MTG,,US,2,4.297407912687579,29.32,30.58,2026-07-21,2026-07-22,technical,grade B,T2_LIQUID
IWG.L,International Workplace Group,EU,2,4.267352185089979,194.5,202.8,2026-07-21,2026-07-22,technical,grade B,T3_MID
4828,ビジネスエンジニアリング,JP,2,4.255319148936176,1175.0,1225.0,2026-07-21,2026-07-22,technical,grade B,T2_LIQUID
MMED,,US,2,4.255319148936154,16.92,17.64,2026-07-21,2026-07-22,technical,grade B,T2_LIQUID
7350,おきなわフィナンシャルグループ,JP,2,4.249291784702547,7060.0,7360.0,2026-07-21,2026-07-22,technical,grade A,T2_LIQUID
SLF,,US,2,4.240545567265941,80.65,84.07,2026-07-21,2026-07-22,technical,grade B,T2_LIQUID
1414,ショーボンドホールディングス,JP,2,4.2319749216300995,1276.0,1330.0,2026-07-21,2026-07-22,technical,grade B,T1_MOST_LIQUID
SPSC,,US,2,4.23006695069994,65.72,68.5,2026-07-21,2026-07-22,technical,grade B,T2_LIQUID
CHWY,,US,2,4.229195088676696,21.99,22.92,2026-07-21,2026-07-22,technical,grade B,T1_MOST_LIQUID
GFRD.L,Galliford Try,EU,2,4.222972972972983,592.0,617.0,2026-07-21,2026-07-22,technical,grade B,T4_ILLIQUID
BNP.PA,BNP Paribas,EU,2,4.2188403005201325,103.82,108.2,2026-07-21,2026-07-22,technical,grade B,T1_MOST_LIQUID
ABM,,US,2,4.2134236713953,47.23,49.22,2026-07-21,2026-07-22,technical,grade B,T2_LIQUID
CNXN,,US,2,4.16144397092002,79.78,83.1,2026-07-21,2026-07-22,technical,grade B,T3_MID
OHI,,US,2,4.1549011698265526,49.58,51.64,2026-07-21,2026-07-22,technical,grade B,T1_MOST_LIQUID
SSB,,US,2,4.152418172936012,102.35,106.6,2026-07-21,2026-07-22,technical,grade B,T2_LIQUID
MMSI,,US,2,4.150591991485975,75.17,78.29,2026-07-21,2026-07-22,technical,grade B,T2_LIQUID
AAPL,,US,2,4.130561254171905,326.59,340.08,2026-07-21,2026-07-22,technical,grade B,T1_MOST_LIQUID
BLK,,US,2,4.121012038591809,1054.11,1097.55,2026-07-21,2026-07-22,technical,grade B,T1_MOST_LIQUID
8011,三陽商会,JP,2,4.115684093437144,4495.0,4680.0,2026-07-21,2026-07-22,technical,grade A,T2_LIQUID
2331,ＡＬＳＯＫ,JP,2,4.086956521739138,1150.0,1197.0,2026-07-21,2026-07-22,technical,grade B,T1_MOST_LIQUID
ARES-PB,,US,2,4.082661290322576,39.68,41.3,2026-07-21,2026-07-22,technical,grade A,T3_MID
KVYO,,US,2,4.077134986225905,18.15,18.89,2026-07-21,2026-07-22,technical,grade B,T1_MOST_LIQUID
CPAY,,US,2,4.072790294627393,369.28,384.32,2026-07-21,2026-07-22,technical,grade B,T1_MOST_LIQUID
HXL,,US,2,4.066963019010683,105.73,110.03,2026-07-21,2026-07-22,technical,grade A,T1_MOST_LIQUID
7095,Ｍａｃｂｅｅ　Ｐｌａｎｅｔ,JP,2,4.065743944636679,1156.0,1203.0,2026-07-21,2026-07-22,technical,grade B,T2_LIQUID
BFAM,,US,2,4.063991743000894,77.51,80.66,2026-07-21,2026-07-22,technical,grade B,T1_MOST_LIQUID
5891,魁力屋,JP,2,4.062499999999991,1600.0,1665.0,2026-07-21,2026-07-22,technical,grade B,T4_ILLIQUID
9434,ソフトバンク,JP,2,4.054054054054057,222.0,231.0,2026-07-21,2026-07-22,technical,grade B,T1_MOST_LIQUID
2198,アイ・ケイ・ケイホールディングス,JP,2,4.052287581699354,765.0,796.0,2026-07-21,2026-07-22,technical,grade B,T4_ILLIQUID
DAO,,US,2,3.968770331815241,15.37,15.98,2026-07-21,2026-07-22,technical,grade B,T4_ILLIQUID
EQT.ST,EQT,EU,2,3.9667306461932172,312.6,325.0,2026-07-21,2026-07-22,technical,grade B,T1_MOST_LIQUID
STB.L,Secure Trust Bank,EU,2,3.9636127355425543,1539.0,1600.0,2026-07-21,2026-07-22,technical,grade B,T4_ILLIQUID
HFG.L,Hilton Food Group,EU,2,3.963133640552985,542.5,564.0,2026-07-21,2026-07-22,technical,grade B,T4_ILLIQUID
CARD.L,Card Factory,EU,2,3.960396039603964,70.7,73.5,2026-07-21,2026-07-22,technical,grade B,T4_ILLIQUID
3636,三菱総合研究所,JP,2,3.9278131634819635,4710.0,4895.0,2026-07-21,2026-07-22,technical,grade B,T2_LIQUID
FOXF,,US,2,3.9194338595536227,18.37,19.09,2026-07-21,2026-07-22,technical,grade B,T2_LIQUID
7181,かんぽ生命保険,JP,2,3.9145907473309594,1686.0,1752.0,2026-07-21,2026-07-22,technical,grade A,T1_MOST_LIQUID
DHT,,US,2,3.9128004471771893,17.89,18.59,2026-07-21,2026-07-22,technical,grade B,T2_LIQUID
JD,,US,2,3.888888888888875,30.6,31.79,2026-07-21,2026-07-22,technical,grade B,T1_MOST_LIQUID
8337,千葉興業銀行,JP,2,3.880481179666284,2577.0,2677.0,2026-07-21,2026-07-22,technical,grade B,T2_LIQUID
AMP,,US,2,3.876705560411997,526.22,546.62,2026-07-21,2026-07-22,technical,grade B,T1_MOST_LIQUID
CHG.L,Chemring Group,EU,2,3.875968992248069,580.5,603.0,2026-07-21,2026-07-22,technical,grade A,T3_MID
ABBV,,US,2,3.875601862814748,253.38,263.2,2026-07-21,2026-07-22,technical,grade B,T1_MOST_LIQUID
PM,,US,2,3.8657119136571216,192.72,200.17,2026-07-21,2026-07-22,technical,grade B,T1_MOST_LIQUID
7931,未来工業,JP,2,3.863987635239563,3235.0,3360.0,2026-07-21,2026-07-22,technical,grade B,T3_MID
UBSI,,US,2,3.857566765578646,47.18,49.0,2026-07-21,2026-07-22,technical,grade B,T2_LIQUID
EFX,,US,2,3.85384273656153,180.08,187.02,2026-07-21,2026-07-22,technical,grade A,T1_MOST_LIQUID
4922,コーセーホールディングス,JP,2,3.853046594982068,5580.0,5795.0,2026-07-21,2026-07-22,technical,grade A,T1_MOST_LIQUID
8163,ＳＲＳホールディングス,JP,2,3.852080123266566,1298.0,1348.0,2026-07-21,2026-07-22,technical,grade B,T3_MID
9433,ＫＤＤＩ,JP,2,3.8514920194309576,2882.0,2993.0,2026-07-21,2026-07-22,technical,grade B,T1_MOST_LIQUID
GIII,,US,2,3.8363892806769995,35.45,36.81,2026-07-21,2026-07-22,technical,grade B,T2_LIQUID
3941,レンゴー,JP,2,3.825136612021862,1464.0,1520.0,2026-07-21,2026-07-22,technical,grade A,T1_MOST_LIQUID
90850,현대이지웰,KR,2,3.8205980066445155,6020.0,6250.0,2026-07-21,2026-07-22,technical,grade B,T3_MID
UHAL-B,,US,2,3.802158852908022,62.07,64.43,2026-07-21,2026-07-22,technical,grade B,T2_LIQUID
8386,百十四銀行,JP,2,3.798367057152996,2817.0,2924.0,2026-07-21,2026-07-22,technical,grade A,T1_MOST_LIQUID
6849,日本光電工業,JP,2,3.7966537966537928,1554.0,1613.0,2026-07-21,2026-07-22,technical,grade B,T1_MOST_LIQUID
1878,大東建託,JP,2,3.785103785103794,3276.0,3400.0,2026-07-21,2026-07-22,technical,grade B,T1_MOST_LIQUID
INVP.L,Investec,EU,2,3.772070626003221,623.0,646.5,2026-07-21,2026-07-22,technical,grade B,T3_MID
NEXN,,US,2,3.7698412698412787,10.08,10.46,2026-07-21,2026-07-22,technical,grade B,T3_MID
7309,シマノ,JP,2,3.75101929872248,18395.0,19085.0,2026-07-21,2026-07-22,technical,grade A,T1_MOST_LIQUID
9025,鴻池運輸,JP,2,3.7347294938917974,2865.0,2972.0,2026-07-21,2026-07-22,technical,grade B,T2_LIQUID
SPG,,US,2,3.7293483500591584,228.19,236.7,2026-07-21,2026-07-22,technical,grade B,T1_MOST_LIQUID
ACA.PA,Crédit Agricole,EU,2,3.7222222222222268,18.0,18.67,2026-07-21,2026-07-22,technical,grade B,T1_MOST_LIQUID
JEF,,US,2,3.7151141718013703,55.18,57.23,2026-07-21,2026-07-22,technical,grade B,T1_MOST_LIQUID
MAGN,,US,2,3.703703703703698,13.5,14.0,2026-07-21,2026-07-22,technical,grade B,T3_MID
CPK,,US,2,3.6992481203007355,133.0,137.92,2026-07-21,2026-07-22,technical,grade B,T2_LIQUID
NIC,,US,2,3.6762064423422336,167.02,173.16,2026-07-21,2026-07-22,technical,grade B,T3_MID
WSBC,,US,2,3.65161608684923,40.53,42.01,2026-07-21,2026-07-22,technical,grade B,T2_LIQUID
REAL,,US,2,3.6490008688097264,11.51,11.93,2026-07-21,2026-07-22,technical,grade B,T2_LIQUID
DNLM.L,Dunelm Group,EU,2,3.647505106507154,856.75,888.0,2026-07-21,2026-07-22,technical,grade B,T3_MID
TRIP,,US,2,3.6086051353226845,14.41,14.93,2026-07-21,2026-07-22,technical,grade B,T1_MOST_LIQUID
XYL,,US,2,3.6063671032996236,120.62,124.97,2026-07-21,2026-07-22,technical,grade B,T1_MOST_LIQUID
AIT,,US,2,3.6018336607727575,335.94,348.04,2026-07-21,2026-07-22,technical,grade B,T2_LIQUID
9278,ブックオフグループホールディングス,JP,2,3.6012130401819498,2638.0,2733.0,2026-07-21,2026-07-22,technical,grade A,T3_MID
MAC,,US,2,3.595154357170771,25.59,26.51,2026-07-21,2026-07-22,technical,grade B,T2_LIQUID
8304,あおぞら銀行,JP,2,3.588195841716968,2982.0,3089.0,2026-07-21,2026-07-22,technical,grade A,T1_MOST_LIQUID
9142,九州旅客鉄道,JP,2,3.586093621680808,3653.0,3784.0,2026-07-21,2026-07-22,technical,grade B,T1_MOST_LIQUID
RLJ,,US,2,3.5833333333333384,12.0,12.43,2026-07-21,2026-07-22,technical,grade B,T2_LIQUID
7272,ヤマハ発動機,JP,2,3.554868624420404,1294.0,1340.0,2026-07-21,2026-07-22,technical,grade B,T1_MOST_LIQUID
9869,加藤産業,JP,2,3.5541195476575194,6190.0,6410.0,2026-07-21,2026-07-22,technical,grade B,T2_LIQUID
HOMB,,US,2,3.552631578947385,30.4,31.48,2026-07-21,2026-07-22,technical,grade B,T2_LIQUID
SNY,,US,2,3.547066848567537,43.98,45.54,2026-07-21,2026-07-22,technical,grade A,T1_MOST_LIQUID
7267,本田技研工業,JP,2,3.5324341682723137,1557.0,1612.0,2026-07-21,2026-07-22,technical,grade A,T1_MOST_LIQUID
6379,レイズネクスト,JP,2,3.5233570863024477,2526.0,2615.0,2026-07-21,2026-07-22,technical,grade B,T2_LIQUID
ATLO,,US,2,3.51945854483926,29.55,30.59,2026-07-21,2026-07-22,technical,grade B,T4_ILLIQUID
8393,宮崎銀行,JP,2,3.5124841303427745,2363.0,2446.0,2026-07-21,2026-07-22,technical,grade A,T2_LIQUID
BY,,US,2,3.512014787430706,37.87,39.2,2026-07-21,2026-07-22,technical,grade B,T3_MID
3844,コムチュア,JP,2,3.5087719298245723,1368.0,1416.0,2026-07-21,2026-07-22,technical,grade B,T2_LIQUID
ADP,,US,2,3.498667920388665,255.24,264.17,2026-07-21,2026-07-22,technical,grade B,T1_MOST_LIQUID
9007,小田急電鉄,JP,2,3.4936998854524726,1746.0,1807.0,2026-07-21,2026-07-22,technical,grade B,T1_MOST_LIQUID
7242,カヤバ,JP,2,3.49243306169964,4295.0,4445.0,2026-07-21,2026-07-22,technical,grade B,T2_LIQUID
UNF,,US,2,3.485088504717959,290.38,300.5,2026-07-21,2026-07-22,technical,grade B,T2_LIQUID
2914,日本たばこ産業,JP,2,3.47081712062256,6425.0,6648.0,2026-07-21,2026-07-22,technical,grade A,T1_MOST_LIQUID
BJ,,US,2,3.4607603024171985,93.91,97.16,2026-07-21,2026-07-22,technical,grade B,T1_MOST_LIQUID
EPR,,US,2,3.4582596107447294,62.17,64.32,2026-07-21,2026-07-22,technical,grade B,T2_LIQUID
8346,東邦銀行,JP,2,3.4562211981566726,868.0,898.0,2026-07-21,2026-07-22,technical,grade A,T2_LIQUID
8097,三愛オブリ,JP,2,3.4482758620689724,2262.0,2340.0,2026-07-21,2026-07-22,technical,grade B,T2_LIQUID
8160,木曽路,JP,2,3.439597315436238,2384.0,2466.0,2026-07-21,2026-07-22,technical,grade B,T2_LIQUID
7270,ＳＵＢＡＲＵ,JP,2,3.4349671941335425,2591.0,2680.0,2026-07-21,2026-07-22,technical,grade A,T1_MOST_LIQUID
TMPL.L,Temple Bar Investment Trust,EU,2,3.4311287916459543,402.2,416.0,2026-07-21,2026-07-22,technical,grade B,T3_MID
ESQ,,US,2,3.4124989867877042,123.37,127.58,2026-07-21,2026-07-22,technical,grade B,T3_MID
XHR,,US,2,3.4123222748815074,21.1,21.82,2026-07-21,2026-07-22,technical,grade B,T2_LIQUID
ACT,,US,2,3.4059064453545895,46.39,47.97,2026-07-21,2026-07-22,technical,grade B,T3_MID
9104,商船三井,JP,2,3.4038800705467276,5670.0,5863.0,2026-07-21,2026-07-22,technical,grade B,T1_MOST_LIQUID
4502,武田薬品工業,JP,2,3.4023402340233933,5555.0,5744.0,2026-07-21,2026-07-22,technical,grade A,T1_MOST_LIQUID
3861,王子ホールディングス,JP,2,3.3957845433255196,854.0,883.0,2026-07-21,2026-07-22,technical,grade B,T1_MOST_LIQUID
2492,インフォマート,JP,2,3.3898305084745672,531.0,549.0,2026-07-21,2026-07-22,technical,grade A,T2_LIQUID
LMP.L,LondonMetric Property,EU,2,3.381893860561913,192.2,198.7,2026-07-21,2026-07-22,technical,grade B,T2_LIQUID
CAKE,,US,2,3.367785390779243,86.11,89.01,2026-07-21,2026-07-22,technical,grade B,T2_LIQUID
MLR,,US,2,3.366256803063905,49.61,51.28,2026-07-21,2026-07-22,technical,grade B,T3_MID
UHAL,,US,2,3.3573141486810565,70.89,73.27,2026-07-21,2026-07-22,technical,grade B,T2_LIQUID
5976,高周波熱錬,JP,2,3.3557046979865834,1341.0,1386.0,2026-07-21,2026-07-22,technical,grade B,T3_MID
EXR,,US,2,3.34736556219446,147.28,152.21,2026-07-21,2026-07-22,technical,grade B,T1_MOST_LIQUID
3107,ダイワボウホールディングス,JP,2,3.335250143760793,3478.0,3594.0,2026-07-21,2026-07-22,technical,grade B,T1_MOST_LIQUID
4746,東計電算,JP,2,3.3264033264033266,4810.0,4970.0,2026-07-21,2026-07-22,technical,grade B,T3_MID
4849,エン,JP,2,3.322784810126578,1264.0,1306.0,2026-07-21,2026-07-22,technical,grade B,T2_LIQUID
YEXT,,US,2,3.3027522935779707,5.45,5.63,2026-07-21,2026-07-22,technical,grade B,T3_MID
TGT,,US,2,3.3025288344437076,139.59,144.2,2026-07-21,2026-07-22,technical,grade B,T1_MOST_LIQUID
LUXE,,US,2,3.2926829268292934,8.2,8.47,2026-07-21,2026-07-22,technical,grade B,T4_ILLIQUID
EIX,,US,2,3.2880258899676384,77.25,79.79,2026-07-21,2026-07-22,technical,grade B,T1_MOST_LIQUID
9627,アインホールディングス,JP,2,3.280659567159061,5822.0,6013.0,2026-07-21,2026-07-22,technical,grade A,T2_LIQUID
7611,ハイデイ日高,JP,2,3.2581453634085156,2793.0,2884.0,2026-07-21,2026-07-22,technical,grade B,T2_LIQUID
9010,富士急行,JP,2,3.2391713747645934,2655.0,2741.0,2026-07-21,2026-07-22,technical,grade B,T2_LIQUID
3031,ラクーンホールディングス,JP,2,3.2362459546925626,618.0,638.0,2026-07-21,2026-07-22,technical,grade B,T3_MID
5411,ＪＦＥホールディングス,JP,2,3.2202415181138644,1739.0,1795.0,2026-07-21,2026-07-22,technical,grade A,T1_MOST_LIQUID
7296,エフ・シー・シー,JP,2,3.2167832167832255,3575.0,3690.0,2026-07-21,2026-07-22,technical,grade A,T2_LIQUID
8410,セブン銀行,JP,2,3.2154340836012762,311.0,321.0,2026-07-21,2026-07-22,technical,grade A,T1_MOST_LIQUID
GAMA.L,Gamma Communications,EU,2,3.213909378292934,949.0,979.5,2026-07-21,2026-07-22,technical,grade A,T3_MID
ALRS,,US,2,3.2087227414330233,32.1,33.13,2026-07-21,2026-07-22,technical,grade B,T4_ILLIQUID
AGM,,US,2,3.2032615026208466,206.04,212.64,2026-07-21,2026-07-22,technical,grade B,T3_MID
LPG,,US,2,3.202599210953805,43.09,44.47,2026-07-21,2026-07-22,technical,grade A,T2_LIQUID
PAYX,,US,2,3.185763888888893,115.2,118.87,2026-07-21,2026-07-22,technical,grade B,T1_MOST_LIQUID
8079,正栄食品工業,JP,2,3.1818181818181746,4400.0,4540.0,2026-07-21,2026-07-22,technical,grade B,T3_MID
XOM,,US,2,3.1544890806147086,148.36,153.04,2026-07-21,2026-07-22,technical,grade B,T1_MOST_LIQUID
REZI,,US,2,3.1522656909653834,35.53,36.65,2026-07-21,2026-07-22,technical,grade B,T2_LIQUID
EDIN.L,Edinburgh Investment Trust,EU,2,3.1515151515151496,825.0,851.0,2026-07-21,2026-07-22,technical,grade B,T4_ILLIQUID
EDU,,US,2,3.1478472786352407,49.24,50.79,2026-07-21,2026-07-22,technical,grade B,T1_MOST_LIQUID
EHC,,US,2,3.1377777777777727,112.5,116.03,2026-07-21,2026-07-22,technical,grade B,T1_MOST_LIQUID
7860,エイベックス,JP,2,3.125,1280.0,1320.0,2026-07-21,2026-07-22,technical,grade B,T2_LIQUID
3371,ソフトクリエイトホールディングス,JP,2,3.1203566121842385,2019.0,2082.0,2026-07-21,2026-07-22,technical,grade B,T3_MID
5444,大和工業,JP,2,3.1201848998459125,12980.0,13385.0,2026-07-21,2026-07-22,technical,grade B,T1_MOST_LIQUID
9722,藤田観光,JP,2,3.1170158405723125,1957.0,2018.0,2026-07-21,2026-07-22,technical,grade A,T2_LIQUID
JOUT,,US,2,3.112840466926081,46.26,47.7,2026-07-21,2026-07-22,technical,grade B,T3_MID
NWBI,,US,2,3.112840466926081,15.42,15.9,2026-07-21,2026-07-22,technical,grade B,T2_LIQUID
1762,高松コンストラクショングループ,JP,2,3.0831099195710365,3730.0,3845.0,2026-07-21,2026-07-22,technical,grade B,T3_MID
8057,内田洋行,JP,2,3.081232492997188,2142.0,2208.0,2026-07-21,2026-07-22,technical,grade A,T2_LIQUID
CFR,,US,2,3.078916517554142,162.07,167.06,2026-07-21,2026-07-22,technical,grade B,T1_MOST_LIQUID
9009,京成電鉄,JP,2,3.075709779179814,1268.0,1307.0,2026-07-21,2026-07-22,technical,grade B,T1_MOST_LIQUID
ETD,,US,2,3.074924209614549,23.09,23.8,2026-07-21,2026-07-22,technical,grade B,T3_MID
UTL,,US,2,3.07437407952873,54.32,55.99,2026-07-21,2026-07-22,technical,grade B,T3_MID
RVLV,,US,2,3.0733768728390176,26.03,26.83,2026-07-21,2026-07-22,technical,grade A,T2_LIQUID
NOVN.SW,Novartis International AG,EU,2,3.066708820739805,126.52,130.4,2026-07-21,2026-07-22,technical,grade A,T1_MOST_LIQUID
BTO,,US,2,3.0536246276067436,40.28,41.51,2026-07-21,2026-07-22,technical,grade B,T3_MID
1928,積水ハウス,JP,2,3.0431107354184306,3549.0,3657.0,2026-07-21,2026-07-22,technical,grade B,T1_MOST_LIQUID
HLN.L,Haleon,EU,2,3.0294833648904396,369.7,380.9,2026-07-21,2026-07-22,technical,grade B,T1_MOST_LIQUID
35610,솔본,KR,2,3.0100334448160515,4485.0,4620.0,2026-07-21,2026-07-22,technical,grade B,T4_ILLIQUID
MOS,,US,2,2.989736724676484,22.41,23.08,2026-07-21,2026-07-22,technical,grade B,T1_MOST_LIQUID
7864,フジシールインターナショナル,JP,2,2.975206611570247,3025.0,3115.0,2026-07-21,2026-07-22,technical,grade B,T2_LIQUID
8255,アクシアル　リテイリング,JP,2,2.975206611570247,1210.0,1246.0,2026-07-21,2026-07-22,technical,grade B,T3_MID
SDLF.L,Standard Life,EU,2,2.974186307519644,891.0,917.5,2026-07-21,2026-07-22,technical,grade B,T2_LIQUID
COTY,,US,2,2.962962962962945,2.7,2.78,2026-07-21,2026-07-22,technical,grade B,T1_MOST_LIQUID
HUBS,,US,2,2.9583495523550107,231.21,238.05,2026-07-21,2026-07-22,technical,grade A,T1_MOST_LIQUID
TRIG.L,The Renewables Infrastructure Group,EU,2,2.956989247311803,74.4,76.6,2026-07-21,2026-07-22,technical,grade A,T3_MID
SCOR,,US,2,2.953020134228179,7.45,7.67,2026-07-21,2026-07-22,technical,grade A,T4_ILLIQUID
IMB.L,Imperial Brands,EU,2,2.946396876109336,2817.0,2900.0,2026-07-21,2026-07-22,technical,grade B,T1_MOST_LIQUID
ALRM,,US,2,2.9461756373937664,52.95,54.51,2026-07-21,2026-07-22,technical,grade B,T2_LIQUID
LNC,,US,2,2.9319875030040743,41.61,42.83,2026-07-21,2026-07-22,technical,grade B,T1_MOST_LIQUID
120240,대정화금,KR,2,2.9223093371347098,14030.0,14440.0,2026-07-21,2026-07-22,technical,grade B,T4_ILLIQUID
8622,水戸証券,JP,2,2.921646746347939,753.0,775.0,2026-07-21,2026-07-22,technical,grade A,T3_MID
HR,,US,2,2.917647058823536,21.25,21.87,2026-07-21,2026-07-22,technical,grade B,T1_MOST_LIQUID
ETSY,,US,2,2.903724860168988,84.03,86.47,2026-07-21,2026-07-22,technical,grade B,T1_MOST_LIQUID
NLOP,,US,2,2.903501280956444,11.71,12.05,2026-07-21,2026-07-22,technical,grade B,T3_MID
NOMD,,US,2,2.8691983122362874,11.85,12.19,2026-07-21,2026-07-22,technical,grade A,T2_LIQUID
1780,ヤマウラ,JP,2,2.8647568287808234,1501.0,1544.0,2026-07-21,2026-07-22,technical,grade B,T4_ILLIQUID
4290,プレステージ・インターナショナル,JP,2,2.8485757121439192,667.0,686.0,2026-07-21,2026-07-22,technical,grade B,T2_LIQUID
3148,クリエイトＳＤホールディングス,JP,2,2.84005979073243,3345.0,3440.0,2026-07-21,2026-07-22,technical,grade B,T2_LIQUID
9065,山九,JP,2,2.8196721311475326,9150.0,9408.0,2026-07-21,2026-07-22,technical,grade A,T1_MOST_LIQUID
SMFG,,US,2,2.812374447569299,24.89,25.59,2026-07-21,2026-07-22,technical,grade B,T2_LIQUID
4722,フューチャー,JP,2,2.811950790861162,2276.0,2340.0,2026-07-21,2026-07-22,technical,grade A,T2_LIQUID
NXT.L,Next plc,EU,2,2.799325463743685,14825.0,15240.0,2026-07-21,2026-07-22,technical,grade B,T1_MOST_LIQUID
RPC,,US,2,2.7972027972027913,8.58,8.82,2026-07-21,2026-07-22,technical,grade B,T3_MID
MA,,US,2,2.7966535145403926,547.44,562.75,2026-07-21,2026-07-22,technical,grade A,T1_MOST_LIQUID
JKHY,,US,2,2.7879341864716745,153.16,157.43,2026-07-21,2026-07-22,technical,grade B,T1_MOST_LIQUID
FSV.L,Fidelity Special Values,EU,2,2.7839643652561197,449.0,461.5,2026-07-21,2026-07-22,technical,grade A,T3_MID
SKA-B.ST,Skanska B,EU,2,2.7617951668584606,260.7,267.9,2026-07-21,2026-07-22,technical,grade A,T2_LIQUID
TAK,,US,2,2.75659824046921,17.05,17.52,2026-07-21,2026-07-22,technical,grade B,T2_LIQUID
MGPI,,US,2,2.7457440966501823,18.21,18.71,2026-07-21,2026-07-22,technical,grade B,T2_LIQUID
BZH,,US,2,2.737619194094121,32.51,33.4,2026-07-21,2026-07-22,technical,grade B,T2_LIQUID
4481,ベース,JP,2,2.728731942215079,3115.0,3200.0,2026-07-21,2026-07-22,technical,grade B,T2_LIQUID
PUK,,US,2,2.7237354085603016,28.27,29.04,2026-07-21,2026-07-22,technical,grade B,T2_LIQUID
CCK,,US,2,2.7205695397915175,117.99,121.2,2026-07-14,2026-07-22,golden_cross_hist+technical,grade A,T1_MOST_LIQUID
1925,大和ハウス工業,JP,2,2.7161026083207584,4639.0,4765.0,2026-07-21,2026-07-22,technical,grade B,T1_MOST_LIQUID
EVTC,,US,2,2.7053455019556694,30.68,31.51,2026-07-21,2026-07-22,technical,grade B,T2_LIQUID
CIVB,,US,2,2.6989134244654656,28.53,29.3,2026-07-21,2026-07-22,technical,grade B,T4_ILLIQUID
LKFN,,US,2,2.692245687570538,62.03,63.7,2026-07-21,2026-07-22,technical,grade B,T2_LIQUID
8001,伊藤忠商事,JP,2,2.672147995888996,1946.0,1998.0,2026-07-21,2026-07-22,technical,grade A,T1_MOST_LIQUID
4568,第一三共,JP,2,2.6642984014209503,2815.0,2890.0,2026-07-21,2026-07-22,technical,grade B,T1_MOST_LIQUID
SU,,US,2,2.650602409638547,62.25,63.9,2026-07-21,2026-07-22,technical,grade B,T1_MOST_LIQUID
CABK.MC,CaixaBank,EU,2,2.64591439688715,12.85,13.19,2026-07-21,2026-07-22,technical,grade A,T1_MOST_LIQUID
8395,佐賀銀行,JP,2,2.645502645502651,5670.0,5820.0,2026-07-21,2026-07-22,technical,grade A,T2_LIQUID
NTGY.MC,Naturgy,EU,2,2.642559109874809,28.76,29.52,2026-07-21,2026-07-22,technical,grade B,T2_LIQUID
PYPL,,US,2,2.6399155227032844,56.82,58.32,2026-07-21,2026-07-22,technical,grade B,T1_MOST_LIQUID
6448,ブラザー工業,JP,2,2.638319672131151,3904.0,4007.0,2026-07-21,2026-07-22,technical,grade B,T1_MOST_LIQUID
9432,ＮＴＴ,JP,2,2.6315789473684292,152.0,156.0,2026-07-21,2026-07-22,technical,grade B,T1_MOST_LIQUID
IPAR,,US,2,2.6286173633440546,124.4,127.67,2026-07-21,2026-07-22,technical,grade B,T2_LIQUID
NHP,,US,2,2.616464582003819,15.67,16.08,2026-07-21,2026-07-22,technical,grade B,T2_LIQUID
BILL,,US,2,2.6117751217352714,45.18,46.36,2026-07-21,2026-07-22,technical,grade B,T1_MOST_LIQUID
2503,キリンホールディングス,JP,2,2.6009582477754867,2922.0,2998.0,2026-07-21,2026-07-22,technical,grade B,T1_MOST_LIQUID
8101,ＧＳＩクレオス,JP,2,2.5998492840994647,2654.0,2723.0,2026-07-21,2026-07-22,technical,grade A,T3_MID
INVE-B.ST,Investor B,EU,2,2.5928256765261226,397.25,407.55,2026-07-21,2026-07-22,technical,grade B,T1_MOST_LIQUID
1515,日鉄鉱業,JP,2,2.5927259632697153,2777.0,2849.0,2026-07-21,2026-07-22,technical,grade B,T1_MOST_LIQUID
SPFI,,US,2,2.5774361293239956,44.23,45.37,2026-07-21,2026-07-22,technical,grade A,T4_ILLIQUID
5958,三洋工業,JP,2,2.5723472668810254,4665.0,4785.0,2026-07-21,2026-07-22,technical,grade B,T4_ILLIQUID
2004,昭和産業,JP,2,2.57142857142858,3500.0,3590.0,2026-07-21,2026-07-22,technical,grade A,T2_LIQUID
3549,クスリのアオキホールディングス,JP,2,2.567427385892107,3856.0,3955.0,2026-07-21,2026-07-22,technical,grade B,T1_MOST_LIQUID
3467,アグレ都市デザイン,JP,2,2.564102564102555,2730.0,2800.0,2026-07-21,2026-07-22,technical,grade B,T4_ILLIQUID
2154,オープンアップグループ,JP,2,2.5487256371814038,2001.0,2052.0,2026-07-21,2026-07-22,technical,grade B,T2_LIQUID
8007,高島,JP,2,2.547770700636942,785.0,805.0,2026-07-21,2026-07-22,technical,grade B,T3_MID
8349,東北銀行,JP,2,2.5464556090846635,1453.0,1490.0,2026-07-21,2026-07-22,technical,grade B,T4_ILLIQUID
4848,フルキャストホールディングス,JP,2,2.5149700598802394,1670.0,1712.0,2026-07-21,2026-07-22,technical,grade B,T3_MID
DRH,,US,2,2.509803921568632,12.75,13.07,2026-07-21,2026-07-22,technical,grade A,T2_LIQUID
8059,第一実業,JP,2,2.507374631268444,3390.0,3475.0,2026-07-21,2026-07-22,technical,grade A,T3_MID
NBTB,,US,2,2.5033441620485375,52.33,53.64,2026-07-21,2026-07-22,technical,grade B,T3_MID
BBSI,,US,2,2.4968789013732895,40.05,41.05,2026-07-21,2026-07-22,technical,grade B,T3_MID
OTTR,,US,2,2.48576434515988,91.32,93.59,2026-07-21,2026-07-22,technical,grade B,T2_LIQUID
5922,那須電機鉄工,JP,2,2.484143763213531,18920.0,19390.0,2026-07-21,2026-07-22,technical,grade A,T4_ILLIQUID
VOE.VI,voestalpine,EU,2,2.4808299503833897,44.34,45.44,2026-07-21,2026-07-22,technical,grade B,T3_MID
TRMD,,US,2,2.475928473177458,29.08,29.8,2026-07-21,2026-07-22,technical,grade B,T2_LIQUID
2124,ジェイエイシーリクルートメント,JP,2,2.475780409041972,929.0,952.0,2026-07-21,2026-07-22,technical,grade B,T2_LIQUID
SEB-A.ST,SEB A,EU,2,2.475478748248494,214.1,219.4,2026-07-21,2026-07-22,technical,grade B,T1_MOST_LIQUID
HBNC,,US,2,2.474022761009409,20.21,20.71,2026-07-21,2026-07-22,technical,grade B,T3_MID
EQNR,,US,2,2.4631860776439085,37.35,38.27,2026-07-21,2026-07-22,technical,grade A,T1_MOST_LIQUID
9003,相鉄ホールディングス,JP,2,2.4615384615384706,2600.0,2664.0,2026-07-21,2026-07-22,technical,grade B,T2_LIQUID
9744,メイテックグループホールディングス,JP,2,2.44349419670129,3274.0,3354.0,2026-07-21,2026-07-22,technical,grade B,T1_MOST_LIQUID
8522,名古屋銀行,JP,2,2.43531202435312,6570.0,6730.0,2026-07-21,2026-07-22,technical,grade A,T1_MOST_LIQUID
LAW,,US,2,2.4330900243308973,4.11,4.21,2026-07-21,2026-07-22,technical,grade B,T3_MID
CBT,,US,2,2.4299696253796688,88.89,91.05,2026-07-21,2026-07-22,technical,grade B,T2_LIQUID
TGLS,,US,2,2.407286922576457,46.11,47.22,2026-07-21,2026-07-22,technical,grade B,T2_LIQUID
3028,アルペン,JP,2,2.4069028156221695,2202.0,2255.0,2026-07-21,2026-07-22,technical,grade B,T2_LIQUID
9107,川崎汽船,JP,2,2.400000000000002,2750.0,2816.0,2026-07-21,2026-07-22,technical,grade B,T1_MOST_LIQUID
OVV,,US,2,2.3887831054180353,57.77,59.15,2026-07-21,2026-07-22,technical,grade B,T1_MOST_LIQUID
IIIN,,US,2,2.3861852433280983,31.85,32.61,2026-07-21,2026-07-22,technical,grade A,T3_MID
7322,三十三フィナンシャルグループ,JP,2,2.3809523809523725,1932.0,1978.0,2026-07-21,2026-07-22,technical,grade A,T2_LIQUID
9008,京王電鉄,JP,2,2.377972465581979,799.0,818.0,2026-07-21,2026-07-22,technical,grade B,T1_MOST_LIQUID
DOC,,US,2,2.377747868999558,22.29,22.82,2026-07-21,2026-07-22,technical,grade B,T1_MOST_LIQUID
SREN.SW,Swiss Reinsurance Company Ltd,EU,2,2.371095220173136,132.85,136.0,2026-07-21,2026-07-22,technical,grade B,T1_MOST_LIQUID
BKT.MC,Bankinter,EU,2,2.370275464445881,15.61,15.98,2026-07-21,2026-07-22,technical,grade A,T2_LIQUID
14710,사조씨푸드,KR,2,2.3605150214592197,9320.0,9540.0,2026-07-21,2026-07-22,technical,grade B,T4_ILLIQUID
COL.MC,Inmobiliaria Colonial,EU,2,2.3593466424682408,5.51,5.64,2026-07-21,2026-07-22,technical,grade B,T3_MID
4651,サニックスホールディングス,JP,2,2.35294117647058,255.0,261.0,2026-07-21,2026-07-22,technical,grade B,T4_ILLIQUID
NMR,,US,2,2.342917997870053,9.39,9.61,2026-07-21,2026-07-22,technical,grade B,T3_MID
9743,丹青社,JP,2,2.3387668320340227,1411.0,1444.0,2026-07-21,2026-07-22,technical,grade B,T2_LIQUID
5983,イワブチ,JP,2,2.327127659574457,15040.0,15390.0,2026-07-21,2026-07-22,technical,grade A,T4_ILLIQUID
3405,クラレ,JP,2,2.3230088495575174,1808.0,1850.0,2026-07-21,2026-07-22,technical,grade A,T1_MOST_LIQUID
IOSP,,US,2,2.3228111971411503,83.95,85.9,2026-07-21,2026-07-22,technical,grade B,T2_LIQUID
VCTR,,US,2,2.3220287198288947,98.19,100.47,2026-07-21,2026-07-22,technical,grade B,T2_LIQUID
LANDO,,US,2,2.3211747986736198,21.11,21.6,2026-07-21,2026-07-22,technical,grade A,T4_ILLIQUID
6237,イワキポンプ,JP,2,2.3182297154899834,4745.0,4855.0,2026-07-21,2026-07-22,technical,grade A,T3_MID
WK,,US,2,2.3080958209477087,57.19,58.51,2026-07-21,2026-07-22,technical,grade B,T2_LIQUID
SPB,,US,2,2.3053452367499228,88.49,90.53,2026-07-21,2026-07-22,technical,grade B,T2_LIQUID
THRL.L,Target Healthcare REIT,EU,2,2.2927689594356204,113.4,116.0,2026-07-21,2026-07-22,technical,grade B,T4_ILLIQUID
HLN,,US,2,2.290836653386452,10.04,10.27,2026-07-21,2026-07-22,technical,grade B,T1_MOST_LIQUID
4901,富士フイルムホールディングス,JP,2,2.2882048488150453,3671.0,3755.0,2026-07-21,2026-07-22,technical,grade B,T1_MOST_LIQUID
9001,東武鉄道,JP,2,2.2868343678536407,3061.0,3131.0,2026-07-21,2026-07-22,technical,grade B,T1_MOST_LIQUID
9692,シーイーシー,JP,2,2.2839229735781563,2233.0,2284.0,2026-07-21,2026-07-22,technical,grade A,T2_LIQUID
IBEX,,US,2,2.281151981750784,35.07,35.87,2026-07-21,2026-07-22,technical,grade B,T3_MID
WDS,,US,2,2.263279445727484,21.65,22.14,2026-07-21,2026-07-22,technical,grade A,T2_LIQUID
8306,三菱ＵＦＪフィナンシャル・グループ,JP,2,2.262569832402228,3580.0,3661.0,2026-07-21,2026-07-22,technical,grade A,T1_MOST_LIQUID
3926,オープンドア,JP,2,2.2499999999999964,400.0,409.0,2026-07-21,2026-07-22,technical,grade A,T4_ILLIQUID
FCF,,US,2,2.2488038277512112,20.9,21.37,2026-07-21,2026-07-22,technical,grade B,T2_LIQUID
CNI,,US,2,2.2337990370195016,126.69,129.52,2026-07-21,2026-07-22,technical,grade B,T1_MOST_LIQUID
NJR,,US,2,2.219945355191255,58.56,59.86,2026-07-21,2026-07-22,technical,grade B,T2_LIQUID
CUBE,,US,2,2.2126022126022216,41.58,42.5,2026-07-21,2026-07-22,technical,grade B,T1_MOST_LIQUID
MT,,US,2,2.2019741837509432,65.85,67.3,2026-07-21,2026-07-22,technical,grade B,T1_MOST_LIQUID
AHCO,,US,2,2.1857923497267784,10.98,11.22,2026-07-21,2026-07-22,technical,grade B,T2_LIQUID
5946,長府製作所,JP,2,2.1823472356935048,2062.0,2107.0,2026-07-21,2026-07-22,technical,grade B,T3_MID
CRCT,,US,2,2.1739130434782705,4.6,4.7,2026-07-21,2026-07-22,technical,grade B,T3_MID
VSXY,,US,2,2.1736643404644873,87.41,89.31,2026-07-21,2026-07-22,technical,grade A,T1_MOST_LIQUID
PLMR,,US,2,2.1695689409077845,140.12,143.16,2026-07-21,2026-07-22,technical,grade B,T2_LIQUID
4709,ＩＤホールディングス,JP,2,2.1680216802167918,1107.0,1131.0,2026-07-21,2026-07-22,technical,grade B,T3_MID
LAND.L,Land Securities,EU,2,2.1676300578034713,692.0,707.0,2026-07-21,2026-07-22,technical,grade B,T2_LIQUID
SUN,,US,2,2.163461538461542,74.88,76.5,2026-07-21,2026-07-22,technical,grade A,T2_LIQUID
TAP,,US,2,2.162941600576773,41.61,42.51,2026-07-21,2026-07-22,technical,grade B,T1_MOST_LIQUID
FBLA,,US,2,2.1568627450980316,15.3,15.63,2026-07-21,2026-07-22,technical,grade B,T3_MID
8037,カメイ,JP,2,2.156334231805923,3710.0,3790.0,2026-07-21,2026-07-22,technical,grade B,T3_MID
3289,東急不動産ホールディングス,JP,2,2.1545319465081647,1346.0,1375.0,2026-07-21,2026-07-22,technical,grade B,T1_MOST_LIQUID
9005,東急,JP,2,2.154195011337867,1764.0,1802.0,2026-07-21,2026-07-22,technical,grade B,T1_MOST_LIQUID
CBC,,US,2,2.140384010072416,31.77,32.45,2026-07-21,2026-07-22,technical,grade B,T2_LIQUID
9508,九州電力,JP,2,2.1324354657688005,1782.0,1820.0,2026-07-21,2026-07-22,technical,grade B,T1_MOST_LIQUID
FUNC,,US,2,2.128136200716857,44.64,45.59,2026-07-21,2026-07-22,technical,grade B,T4_ILLIQUID
6869,シスメックス,JP,2,2.122347066167296,1602.0,1636.0,2026-07-21,2026-07-22,technical,grade B,T1_MOST_LIQUID
PNTG,,US,2,2.11421628189552,41.15,42.02,2026-07-21,2026-07-22,technical,grade B,T3_MID
2751,テンポスホールディングス,JP,2,2.110817941952514,3790.0,3870.0,2026-07-21,2026-07-22,technical,grade A,T4_ILLIQUID
BOX,,US,2,2.1069692058346856,30.85,31.5,2026-07-21,2026-07-22,technical,grade A,T1_MOST_LIQUID
MMK.VI,Mayr-Melnhof Karton,EU,2,2.106567534076831,80.7,82.4,2026-07-21,2026-07-22,technical,grade B,T4_ILLIQUID
3758,アエリア,JP,2,2.092050209205021,239.0,244.0,2026-07-21,2026-07-22,technical,grade B,T4_ILLIQUID
CLDT,,US,2,2.0911127707244237,13.39,13.67,2026-07-21,2026-07-22,technical,grade B,T3_MID
4012,アクシス,JP,2,2.0870602265951055,1677.0,1712.0,2026-07-21,2026-07-22,technical,grade B,T4_ILLIQUID
7984,コクヨ,JP,2,2.083333333333326,864.0,882.0,2026-07-21,2026-07-22,technical,grade B,T1_MOST_LIQUID
JRS,,US,2,2.0713463751438344,8.69,8.87,2026-07-21,2026-07-22,technical,grade B,T4_ILLIQUID
7616,コロワイド,JP,2,2.0696617869762735,1981.0,2022.0,2026-07-21,2026-07-22,technical,grade A,T2_LIQUID
8219,青山商事,JP,2,2.0689655172413834,725.0,740.0,2026-07-21,2026-07-22,technical,grade B,T2_LIQUID
YETI,,US,2,2.066115702479343,50.82,51.87,2026-07-21,2026-07-22,technical,grade B,T1_MOST_LIQUID
AVAH,,US,2,2.063983488132104,9.69,9.89,2026-07-21,2026-07-22,technical,grade B,T3_MID
CWT,,US,2,2.0630595562475484,51.38,52.44,2026-07-21,2026-07-22,technical,grade B,T2_LIQUID
CS.PA,Axa,EU,2,2.060470324748054,44.65,45.57,2026-07-21,2026-07-22,technical,grade B,T1_MOST_LIQUID
6539,ＭＳ－Ｊａｐａｎ,JP,2,2.049180327868849,976.0,996.0,2026-07-21,2026-07-22,technical,grade B,T3_MID
KOP,,US,2,2.0325203252032464,49.2,50.2,2026-07-21,2026-07-22,technical,grade B,T3_MID
HIW,,US,2,2.0321504397937673,32.97,33.64,2026-07-21,2026-07-22,technical,grade B,T2_LIQUID
SHB-A.ST,Handelsbanken A,EU,2,2.026306434411662,140.65,143.5,2026-07-21,2026-07-22,technical,grade B,T1_MOST_LIQUID
CFG,,US,2,2.0139860139860133,71.5,72.94,2026-07-21,2026-07-22,technical,grade B,T1_MOST_LIQUID
PCG,,US,2,2.008032128514059,17.43,17.78,2026-07-21,2026-07-22,technical,grade B,T1_MOST_LIQUID
CHYM,,US,2,2.006383948928425,21.93,22.37,2026-07-21,2026-07-22,technical,grade B,T1_MOST_LIQUID
4041,日本曹達,JP,2,2.0053475935828846,3740.0,3815.0,2026-07-21,2026-07-22,technical,grade B,T2_LIQUID
