yr,sector,pe,roe,n
2016,Communication Services,17.91462350748255,0.1041911469724508,28
2016,Consumer Discretionary,14.74365184451416,0.13951591612186368,143
2016,Consumer Staples,18.974176388139426,0.17536002490307948,58
2016,Energy,19.843800761666145,0.07860701164274475,16
2016,Financials,13.35672751058273,0.09269658176377611,267
2016,Health Care,24.378466304325762,0.11999542121066333,86
2016,Industrials,19.917656307151546,0.13272078436310258,187
2016,Information Technology,20.4008381275815,0.11099754984519267,113
2016,Materials,17.223262939462373,0.14885946409629008,46
2016,Real Estate,18.92492526671088,0.0702466865461766,78
2016,Utilities,16.891060005390557,0.09632671179669293,29
2017,Communication Services,14.35819131938424,0.16563242702568365,30
2017,Consumer Discretionary,16.980319531666414,0.14441905288183202,144
2017,Consumer Staples,20.959447383766413,0.16656570857437078,59
2017,Energy,14.409057091577562,0.09600733210588777,34
2017,Financials,14.938836520857443,0.08596575327262904,290
2017,Health Care,32.71854235033948,0.10835401157981803,87
2017,Industrials,19.32857067071538,0.14875780198262148,187
2017,Information Technology,27.67309573469735,0.11543705670378579,114
2017,Materials,19.532721589210638,0.15593459097313211,50
2017,Real Estate,19.61281394822416,0.06898983305986127,76
2017,Utilities,18.686287897237904,0.10394580508888035,31
2018,Communication Services,21.891375986735028,0.11683793187151063,33
2018,Consumer Discretionary,12.142642601898416,0.15143407534246575,149
2018,Consumer Staples,17.84525848058132,0.1723269816730995,62
2018,Energy,7.090249172213847,0.16032512663446813,41
2018,Financials,9.916949639493765,0.10452312294105685,306
2018,Health Care,25.652425647354846,0.13168901329917881,96
2018,Industrials,14.466436119305197,0.14990788956898543,202
2018,Information Technology,18.581297588909404,0.12426759715106722,121
2018,Materials,12.563234642523721,0.16512898184763947,56
2018,Real Estate,18.08646023509902,0.07366993706237931,92
2018,Utilities,17.15277924211058,0.09568209048414587,35
2019,Communication Services,19.8758953539418,0.12494290114781485,30
2019,Consumer Discretionary,14.841533950530096,0.14632187769205124,148
2019,Consumer Staples,20.894183426989272,0.14213967769475674,59
2019,Energy,14.97618023439066,0.07029758825724054,35
2019,Financials,10.836583091092843,0.10312585271824697,325
2019,Health Care,28.314067981310394,0.1283255455389311,91
2019,Industrials,18.535010748614383,0.13834547761835658,206
2019,Information Technology,25.754144982015056,0.13245332320346193,116
2019,Materials,15.945079011008161,0.14140585268465855,54
2019,Real Estate,23.24131866123033,0.06550594510238211,84
2019,Utilities,21.278430605119013,0.09231051360448506,36
2020,Communication Services,14.128884714254056,0.17552016377920607,26
2020,Consumer Discretionary,15.525153403785318,0.14692286125219406,116
2020,Consumer Staples,24.25106724192587,0.153680016455513,53
2020,Energy,15.586170619879237,0.09075707240555886,12
2020,Financials,10.352873202248517,0.09029192124915139,315
2020,Health Care,25.915051786266872,0.1660131248950182,83
2020,Industrials,22.701876010627757,0.1364858761482872,170
2020,Information Technology,34.98171246247789,0.12195830241123244,111
2020,Materials,22.84147607979381,0.11716555928488252,51
2020,Real Estate,26.67818725171965,0.05977249649980576,72
2020,Utilities,17.414914830966502,0.09274174016984507,33
2021,Communication Services,23.587706730797734,0.15504857063576816,34
2021,Consumer Discretionary,12.849690816238237,0.21749520895365376,145
2021,Consumer Staples,21.483715520902745,0.1543763649501108,63
2021,Energy,12.502103393294943,0.10045690997228164,43
2021,Financials,9.427174335682231,0.12072986790430698,364
2021,Health Care,30.371252221175133,0.15424448284296322,111
2021,Industrials,22.603561128173023,0.14292221942724753,216
2021,Information Technology,25.1818386966235,0.15572138636942162,135
2021,Materials,15.749523761064214,0.17393933952854918,68
2021,Real Estate,29.1874192443084,0.07240207838493957,77
2021,Utilities,17.352843901704485,0.10034923951484709,36
2022,Communication Services,23.55598713112943,0.09194780068420311,33
2022,Consumer Discretionary,9.350649731201466,0.2402904229572433,159
2022,Consumer Staples,21.759796276086636,0.1381156316916488,67
2022,Energy,5.9538956512141255,0.2742025740554471,60
2022,Financials,9.260317128923106,0.12208020705860044,344
2022,Health Care,24.182777867172703,0.141388968982988,103
2022,Industrials,17.56076803440001,0.15509130460835213,245
2022,Information Technology,18.620710524484018,0.13981510954149426,138
2022,Materials,13.882693233831546,0.17676204312484917,64
2022,Real Estate,20.4505678351729,0.06320487961800905,83
2022,Utilities,18.074574744403037,0.09225505915242699,37
2023,Communication Services,21.26558821819453,0.13179701443779815,33
2023,Consumer Discretionary,13.550077741284706,0.18156725073113553,157
2023,Consumer Staples,19.93680426104537,0.1502773575390822,65
2023,Energy,8.220214791257392,0.1662870673131131,69
2023,Financials,10.815116438412911,0.10168045405646028,361
2023,Health Care,25.393446567117756,0.12829870918004455,94
2023,Industrials,22.340955141893435,0.15218039042300632,233
2023,Information Technology,30.043190402093504,0.12016597467336197,147
2023,Materials,23.97156501702057,0.1607081723480217,59
2023,Real Estate,28.785120614667974,0.05752378392246178,79
2023,Utilities,17.57403768388295,0.09238407660253568,45
2024,Communication Services,23.157135076935266,0.16943963796086783,29
2024,Consumer Discretionary,17.173155465505722,0.14873110009690882,162
2024,Consumer Staples,23.92053863823171,0.14838981982531935,64
2024,Energy,13.356484213615705,0.1088955570612719,61
2024,Financials,12.311259816407597,0.09854008927411383,376
2024,Health Care,25.54976672131941,0.12873937952243983,109
2024,Industrials,22.111125543195357,0.14735303246600395,230
2024,Information Technology,30.058266069204237,0.1404962829013462,147
2024,Materials,22.708808586889607,0.11371890946149038,59
2024,Real Estate,28.712936167313046,0.05885333808339116,78
2024,Utilities,19.00746699299543,0.09095844795843055,42
2025,Communication Services,32.752525661841716,0.11289808772265152,35
2025,Consumer Discretionary,17.089051373323308,0.14024620547058136,151
2025,Consumer Staples,22.070663109706032,0.15042008218446226,56
2025,Energy,15.191132657430833,0.1115434646936305,61
2025,Financials,12.069310263645098,0.10491098356259167,385
2025,Health Care,23.40484146318365,0.15383024212533092,127
2025,Industrials,25.923395685626275,0.14731511474063597,215
2025,Information Technology,29.18558239747574,0.1365433973985934,148
2025,Materials,20.253508959519444,0.12314569675993488,53
2025,Real Estate,25.156642358636205,0.07496633435459048,82
2025,Utilities,19.9249055459784,0.09432439702322246,41
