market,strategy,regime,spread_pct,spread_t,book_ret_pct,book_t,index_ret_pct,excess_pct,n_weeks
IN,trend,bull,0.6492125320475635,6.872777606330061,1.0964001275724304,3.745550699434326,0.7940229255355116,0.3023772020369188,331
IN,trend,bear,0.05975350052481976,0.11701313157808046,0.08730957372590695,0.5027778957475048,0.0281939798807738,0.05911559384513315,188
IN,revert,bull,-0.08685456213037843,-0.7478823258447935,0.7569720957454978,2.3381218562557184,0.7940229255355116,-0.037050829790013715,331
IN,revert,bear,0.34893050688590643,1.886591685406851,0.19027982650927303,0.33961515080830273,0.06742011834482173,0.12285970816445131,193
IN,mom126,bull,0.6282726718578101,4.364570836810487,1.0711530041593267,3.4223434536183137,0.7940229255355116,0.27713007862381517,331
IN,mom126,bear,0.15272917256431867,0.3399305264226881,0.1726968280529596,0.28287664622813746,0.06742011834482173,0.10527670970813788,193
IN,mom_st,bull,0.4111692080491012,3.0649564820271458,0.9912520229137612,3.0572902489606277,0.7940229255355116,0.19722909737824973,331
IN,mom_st,bear,-0.4038830757094086,-1.3573031155216724,-0.13640467118738098,-0.3112233349529986,0.06742011834482173,-0.2038247895322027,193
IN,golden_cross,bull,0.6098315870402721,5.338216146673508,0.9707905244946903,3.3724540385084967,0.7940229255355116,0.17676759895917868,331
IN,golden_cross,bear,0.41346629286229,1.5298772770811988,0.29343461345094574,0.5070327609025791,0.06742011834482173,0.226014495106124,193
IN,breakout,bull,0.8797533510884611,5.804948709828096,1.2385777855355378,4.766544882936816,0.7940229255355116,0.4445548600000262,331
IN,breakout,bear,0.5848276948358784,1.523013856336733,0.34294348205766345,1.345051280401708,-0.06861947276029713,0.41156295481796057,180
US,trend,bull,0.2876761752754928,2.658789071095119,0.2724387929413078,1.4769242689857234,0.15837286904188466,0.11406592389942316,391
US,trend,bear,-0.5768007341008362,-1.505560517433453,0.051799795282468974,0.04342565570886173,0.4782316628189976,-0.42643186753652856,128
US,revert,bull,0.012862558433790245,-0.05884993358515184,0.08730816406797012,0.3444645361124907,0.15837286904188466,-0.07106470497391454,391
US,revert,bear,0.35257153970612554,2.2021596696829677,0.6251975543119795,0.9260003078648765,0.4782316628189976,0.14696589149298198,128
US,mom126,bull,0.510132331875222,2.974838978501404,0.3058948870356924,1.3157793216401876,0.1549008457832121,0.15099404125248028,372
US,mom126,bear,0.1271436566763196,0.36644424552911187,0.4393708240016745,0.8894086292238985,0.41671613117029327,0.022654692831381232,127
US,mom_st,bull,0.09830492902654592,0.9402179585941846,0.11233194654786119,0.5420985413683146,0.15837286904188466,-0.04604092249402348,391
US,mom_st,bear,-0.3586323555273055,-1.128466520312105,0.25584490040047064,0.3981263468250846,0.4782316628189976,-0.2223867624185269,128
US,golden_cross,bull,0.5328246571110226,3.328575656141203,0.3523070456828082,1.698307638674967,0.15837286904188466,0.19393417664092355,391
US,golden_cross,bear,0.2593686703395858,0.6627900252726192,0.5562094084286521,0.8378264301522421,0.4782316628189976,0.07797774560965448,128
US,breakout,bull,0.6561858519762985,2.733276854500764,0.3673627678758783,2.4258134537761884,0.1549008457832121,0.21246192209266618,372
US,breakout,bear,-0.3904428617451115,-0.42721091852357573,-0.0747677222414683,-0.061473694948753016,0.38056106263489176,-0.4553287848763601,126
JP,trend,bull,0.1580698813337219,1.8886146956895487,0.47906774744731273,2.922345796798292,0.4240480105522975,0.05501973689501522,402
JP,trend,bear,-0.7472757640215322,-2.4832298585170403,0.4272852418469472,0.5266253327271104,0.9677916297064661,-0.5405063878595189,112
JP,revert,bull,0.011154291174128824,0.291228517602123,0.4158206421500297,2.436216422122899,0.4240480105522975,-0.008227368402267867,402
JP,revert,bear,0.4294475390408889,1.7727612347489332,1.046359122848599,1.055578690666212,0.869681830171801,0.17667729267679816,116
JP,mom126,bull,0.3396928863717029,2.9492510857297716,0.4814583564915638,2.516846131023446,0.34863428354216597,0.13282407294939788,382
JP,mom126,bear,-0.5559589211993959,-2.490872891661898,0.5409667697154785,1.5193537746600845,0.8272140931228062,-0.2862473234073277,117
JP,mom_st,bull,0.09030225197841321,1.2285169711029882,0.46858369000948474,2.722527019667442,0.4240480105522975,0.044535679457187186,402
JP,mom_st,bear,-0.5938130699713214,-2.4008948157042513,0.4841253494786597,1.3878307236967833,0.8272140931228062,-0.3430887436441465,117
JP,golden_cross,bull,0.29035866612245775,3.220418542493412,0.5001832731307604,2.9686601196755427,0.4240480105522975,0.07613526257846288,402
JP,golden_cross,bear,-0.309543221447213,-2.0114023335704467,0.6034825590294365,1.600459000803118,0.8272140931228062,-0.2237315340933697,117
JP,breakout,bull,0.4283416762720994,3.2305420575545813,0.4726197024663952,2.810350493555835,0.34863428354216597,0.12398541892422923,382
JP,breakout,bear,-0.5743724942160013,-1.6518568863568777,0.5754365764618312,1.3277176626111802,0.9973774748125209,-0.42194089835068965,113
KR,trend,bull,0.5260100313030145,3.197082263075805,0.1470412124462527,0.27819861556039677,-0.1214465094733041,0.2684877219195568,235
KR,trend,bear,-0.938126665176611,-4.075287385696056,-0.7571932345536299,-2.1194819648333465,0.008050147357818078,-0.7652433819114479,282
KR,revert,bull,-0.1673044770818552,-1.7589019115093594,-0.2441064680505734,-0.9131946195401924,-0.1214465094733041,-0.1226599585772693,235
KR,revert,bear,0.500002059229329,1.8750442695972422,0.2370351684179957,0.19898294818647516,0.08201521711159329,0.15501995130640245,283
KR,mom126,bull,0.36716774797109303,1.1717913374951627,0.045980862263529196,-0.19193862234637912,-0.04214267359987219,0.08812353586340138,227
KR,mom126,bear,-0.5221733678345939,-2.450487959091632,-0.20951545269422087,-0.260596832051401,0.07615336118866152,-0.2856688138828824,272
KR,mom_st,bull,0.3935343522816816,2.126232608907017,-0.0040612282485233235,-0.1261247809605933,-0.1214465094733041,0.11738528122478076,235
KR,mom_st,bear,-0.6266089440235546,-3.003440509935804,-0.32500558564913967,-0.735275733007932,0.08343857558226866,-0.40844416123140836,284
KR,golden_cross,bull,0.4033033136407977,1.8034602341947388,0.025281534017898757,-0.17396130154544379,-0.1214465094733041,0.14672804349120286,235
KR,golden_cross,bear,-0.32847545264305394,-2.0172738023689014,-0.16935214274144966,-0.1970040505396669,0.08343857558226866,-0.2527907183237183,284
KR,breakout,bull,0.9954224230283094,4.218092073499348,0.6162028245144453,1.3056480589749417,-0.04214267359987219,0.6583454981143175,227
KR,breakout,bear,-0.35605187929985854,-1.0116819034294409,-0.40913572335549797,-0.6900264135559597,-0.08195958884044491,-0.327176134515053,257
EU,trend,bull,0.05524048666293982,1.648289240411816,0.2446175812684134,1.5388231016939649,0.22039560959014987,0.02422197167826355,420
EU,trend,bear,-0.5591911393611213,-1.10379481449414,0.768274223401568,2.452273925826391,1.159584140513183,-0.39130991711161495,93
EU,revert,bull,0.04386698600014256,-0.6250383973953579,0.23125123668106842,0.7253296339565415,0.22039560959014987,0.010855627090918581,420
EU,revert,bear,0.6432275457731612,2.0124149798415587,1.420955735281743,1.8784578717995277,1.1180461903413514,0.3029095449403914,99
EU,mom126,bull,0.33615514036538663,3.3151520343144583,0.3352755416167452,1.7836146817604317,0.19066907068592537,0.14460647093081988,400
EU,mom126,bear,-0.26342417524106754,-1.1147435548262739,1.032141012737337,1.7512304533711718,1.1180461903413514,-0.08590517760401467,99
EU,mom_st,bull,-0.0660361523296295,0.258937258568896,0.18642122323866234,1.1542517682972138,0.22039560959014987,-0.03397438635148753,420
EU,mom_st,bear,-0.8320288081665963,-2.834668134038748,0.6855851529840569,1.2955551896252773,1.1180461903413514,-0.43246103735729463,99
EU,golden_cross,bull,0.37300345166157667,4.266863188629547,0.3466033633910821,2.1109270026154654,0.22039560959014987,0.12620775380093227,420
EU,golden_cross,bear,-0.05884909718649956,-0.6130376071262575,1.0425317839885504,1.7490705281463308,1.1180461903413514,-0.07551440635280102,99
EU,breakout,bull,0.4603791595843224,3.543943606448254,0.33934226892312624,2.2329406738580917,0.19066907068592537,0.14867319823720088,400
EU,breakout,bear,-0.4312639204791991,-0.5925190335471185,0.8340480999847786,3.0717845214884894,1.159584140513183,-0.32553604052840446,93
