symbol,market,status,note,entry_date,entry_price
BBOX.L,EU,signal,golden_cross 2026-07-17 (backfilled),2026-07-17,167.2
BBVA.MC,EU,playbook,12M-momentum (LONG),2026-07-25,22.94
BRSC.L,EU,signal,golden_cross 2026-07-17 (backfilled),2026-07-17,269.0
CLDN.L,EU,signal,golden_cross 2026-07-17 (backfilled),2026-07-17,380.5
DBK.F,EU,signal,golden_cross 2026-07-20 (backfilled),2026-07-20,30.355
FCH.L,EU,signal,technical 2026-07-21,2026-07-21,226.0
FME.F,EU,signal,golden_cross 2026-07-20 (backfilled),2026-07-20,42.11
FSG.L,EU,signal,golden_cross 2026-07-15 (backfilled),2026-07-15,469.0
GNC.L,EU,signal,recurring x2 +11.6% since 2026-07-21,2026-07-21,221.8
HAS.L,EU,signal,recurring x2 +6.8% since 2026-07-21,2026-07-21,53.8
HEN3.F,EU,signal,golden_cross 2026-07-16 (backfilled),2026-07-16,73.7
JD.L,EU,signal,golden_cross 2026-07-16 (backfilled),2026-07-16,87.38
LRE.L,EU,signal,golden_cross 2026-07-15 (backfilled),2026-07-15,651.5
MKS.L,EU,signal,golden_cross 2026-07-20 (backfilled),2026-07-20,379.9
NCC.L,EU,signal,golden_cross 2026-07-16 (backfilled),2026-07-16,142.8
OTOEL.AT,EU,signal,golden_cross 2026-07-15 (backfilled),2026-07-15,11.06
PANNERGY.BD,EU,signal,technical 2026-07-21,2026-07-21,2500.0
PNDORA.CO,EU,signal,golden_cross 2026-07-15 (backfilled),2026-07-15,796.0
PUM.F,EU,signal,technical 2026-07-21,2026-07-21,28.7
RAND.AS,EU,signal,recurring x2 +13.1% since 2026-07-21,2026-07-21,31.86
RED.MC,EU,signal,golden_cross 2026-07-20 (backfilled),2026-07-20,15.45
SDF.F,EU,signal,technical 2026-07-22,2026-07-22,
SZG.F,EU,signal,technical 2026-07-21,2026-07-21,54.0
ZAL.F,EU,signal,golden_cross 2026-07-15 (backfilled),2026-07-15,27.67
20MICRONS,IN,signal,golden_cross 2026-07-15 (backfilled),2026-07-15,204.43
360ONE,IN,signal,golden_cross 2026-07-15 (backfilled),2026-07-15,1098.6
AARNAV,IN,signal,piotroski+debt 2026-07-21,2026-07-21,30.73
AARTISURF,IN,held,Aarti Surfactants,,
ABFRL,IN,evicted,evicted 2026-07-23 after 12 sessions in sell zone,,
ABREL,IN,watch,nan | renamed from CENTURYTEX (2026-07-23),2026-07-23,1398.1
ACCELYA,IN,value-hold,value-cluster PE13.3 ROE46% (validated reversion) 2026-07-24,2026-07-24,1158.9
ADANIGREEN,IN,watch,,,
ADANIPORTS,IN,sold,,,
ADANIPOWER,IN,watch,,,
AGARIND,IN,watch,,,
AGI,IN,signal,piotroski+debt 2026-07-21,2026-07-21,686.4
AJANTPHARM,IN,signal,piotroski+debt 2026-07-21,2026-07-21,3575.3
AJAXENGG,IN,signal,golden_cross 2026-07-15 (backfilled),2026-07-15,615.2
AKUMS,IN,watch,,,
AMANTA,IN,signal,piotroski+debt 2026-07-21,2026-07-21,168.45
ANANTRAJ,IN,watch,,,
ANTELOPUS,IN,signal,piotroski+debt 2026-07-21,2026-07-21,868.45
ANUP,IN,signal,piotroski+debt 2026-07-21,2026-07-21,2139.3999
ANURAS,IN,sold,,,
APOLLO,IN,sold,,,
APTUS,IN,signal,golden_cross 2026-07-17 (backfilled),2026-07-17,306.85
ARE&M,IN,watch,nan | renamed from AMARAJABAT (2026-07-23),2026-07-23,876.4
ARIHANTSUP,IN,watch,,,
ASAHIINDIA,IN,watch,,,
ASALCBR,IN,evicted,tuned-model 2026-07-24 | evicted 2026-07-24 after 12 sessions in sell zone,2026-07-24,
ASHAPURMIN,IN,playbook,trend+value/quality (LONG),2026-07-25,676.7
ASIANHOTNR,IN,signal,piotroski+debt 2026-07-21,2026-07-21,294.55
ASMTEC,IN,sold,,,
ASTERDM,IN,signal,value_rerating 2026-07-23,2026-07-23,799.5
AVL,IN,playbook,trend+value/quality (LONG),2026-07-25,635.35
AWHCL,IN,sold,,,
AWL,IN,sold,,,
AXISBANK,IN,evicted,evicted 2026-07-27 after 6 sessions in sell zone,,
AYMSYNTEX,IN,signal,piotroski+debt 2026-07-21,2026-07-21,234.37
AZAD,IN,watch,,,
BAJFINANCE,IN,watch,,,
BANDHANBNK,IN,sold,,,
BANKINDIA,IN,watch,,,
BATLIBOI,IN,watch,,,
BCPL,IN,sold,,,
BEARDSELL,IN,evicted,evicted 2026-07-24 after 6 sessions in sell zone,,
BECTORFOOD,IN,watch,,,
BEL,IN,sold,,,
BHARTIARTL,IN,watch,,,
BHEL,IN,sold,,,
BIHSPONG,IN,sold,,,
BIOCON,IN,watch,,,
BLISSGVS,IN,justified,175.8% 6m mom @ 2026-07-22,2026-07-22,448.15
BLSE,IN,watch,,,
BLUEJET,IN,signal,golden_cross 2026-07-17 (backfilled),2026-07-17,584.55
BPCL,IN,watch,,,
BRITANNIA,IN,watch,,,
CAPLIPOINT,IN,sold,,,
CARRARO,IN,held,Carraro India,,
CASTROLIND,IN,held,Castrol India,,
CDSL,IN,sold,,,
CEATLTD,IN,evicted,evicted 2026-07-27 after 6 sessions in sell zone,,
CEWATER,IN,held,Concord Enviro Systems,,
CGPOWER,IN,sold,,,
CHAMBLFERT,IN,evicted,evicted 2026-07-23 after 12 sessions in sell zone,,
CHENNPETRO,IN,watch,,,
CHOLAFIN,IN,signal,golden_cross 2026-07-17 (backfilled),2026-07-17,1804.9
CIEINDIA,IN,watch,nan | renamed from MAHINDCIE (2026-07-23),2026-07-23,419.0
CIPLA,IN,watch,,,
COALINDIA,IN,value-hold,value-cluster PE8.5 ROE26% (validated reversion) 2026-07-24,2026-07-24,427.4
COASTCORP,IN,watch,,,
COCHINSHIP,IN,sold,,,
COFFEEDAY,IN,evicted,evicted 2026-07-27 after 6 sessions in sell zone,,
COLPAL,IN,watch,,,
CONCOR,IN,watch,nan | symbol corrected from CONCORDENV (2026-07-23),2026-07-23,480.5
CORDSCABLE,IN,signal,golden_cross 2026-07-13 (backfilled),2026-07-13,204.1
COROMANDEL,IN,watch,,,
CPPLUS,IN,justified,142.7% 6m mom @ 2026-07-22,2026-07-22,3446.3
CREDITACC,IN,sold,,,
CRISIL,IN,sold,,,
CROMPTON,IN,sold,,,
CUMMINSIND,IN,watch,,,
CUPID,IN,sold,,,
DATAMATICS,IN,signal,golden_cross 2026-07-15 (backfilled),2026-07-15,853.5
DEEDEV,IN,justified,209.9% 6m mom @ 2026-07-22,2026-07-22,661.25
DEEPAKFERT,IN,watch,,,
DEEPAKNTR,IN,watch,,,
DEEPINDS,IN,watch,,,
DELHIVERY,IN,watch,,,
DHAMPURSUG,IN,sold,,,
DLF,IN,sold,,,
DLINKINDIA,IN,sold,,,
EASEMYTRIP,IN,sold,,,
EDELWEISS,IN,watch,,,
EICHERMOT,IN,watch,,,
EIMCOELECO,IN,signal,golden_cross 2026-07-20 (backfilled),2026-07-20,1822.3
ELECTHERM,IN,signal,value_rerating 2026-07-23,2026-07-23,1030.0
EMAMIPAP,IN,watch,,,
ENDURANCE,IN,watch,,,
ENGINERSIN,IN,evicted,evicted 2026-07-23 after 8 sessions in sell zone,,
ESCORTS,IN,watch,,,
ETERNAL,IN,watch,nan | renamed from ZOMATO (2026-07-23),2026-07-23,287.1
EXIDEIND,IN,watch,,,
FCL,IN,signal,value_rerating 2026-07-23,2026-07-23,39.88
FDC,IN,signal,golden_cross 2026-07-17 (backfilled),2026-07-17,420.1
FEDFINA,IN,sold,,,
FORTIS,IN,sold,,,
FOSECOIND,IN,signal,golden_cross 2026-07-17 (backfilled),2026-07-17,5058.0
GAIL,IN,watch,,,
GALAXYSURF,IN,sold,,,
GANDHAR,IN,watch,,,
GANESHHOU,IN,signal,golden_cross 2026-07-15 (backfilled),2026-07-15,847.95
GANGAFORGE,IN,evicted,nan | symbol corrected from GANGAFORG (2026-07-23) | evicted 2026-07-23 after 11 sessions in sell zone,2026-07-23,
GARFIBRES,IN,signal,golden_cross 2026-07-15 (backfilled),2026-07-15,770.15
GATEWAY,IN,evicted,evicted 2026-07-27 after 6 sessions in sell zone,,
GESHIP,IN,signal,value_rerating 2026-07-24,2026-07-24,1435.2
GICRE,IN,sold,,,
GMBREW,IN,evicted,evicted 2026-07-23 after 9 sessions in sell zone,,
GMRAIRPORT,IN,watch,nan | renamed from GMRINFRA (2026-07-23),2026-07-23,107.37
GODAVARIB,IN,sold,,,
GODREJAGRO,IN,watch,,,
GOLDBEES,IN,sold,,,
GOLDIAM,IN,evicted,evicted 2026-07-23 after 11 sessions in sell zone,,
GREAVESCOT,IN,watch,,,
GREENLAM,IN,signal,golden_cross 2026-07-15 (backfilled),2026-07-15,252.45
GRWRHITECH,IN,justified,97.2% of 52w-hi @ 2026-07-24,2026-07-24,6903.0
GUJENERGY,IN,evicted,evicted 2026-07-23 after 6 sessions in sell zone | renamed from GUJGASLTD (2026-07-23),,
GVPIL,IN,watch,nan | renamed from GEPIL (2026-07-23),2026-07-23,776.95
GVPIL,IN,justified,164.4% 6m mom @ 2026-07-22,2026-07-22,805.05
GVT&D,IN,evicted,nan | renamed from GET&D (2026-07-23) | evicted 2026-07-24 after 6 sessions in sell zone,2026-07-23,4328.5
HAL,IN,watch,,,
HARIOMPIPE,IN,signal,golden_cross 2026-07-17 (backfilled),2026-07-17,403.55
HARRMALAYA,IN,watch,,,
HATHWAY,IN,watch,,,
HATSUN,IN,watch,,,
HAVELLS,IN,watch,,,
HCLTECH,IN,sold,,,
HDFCBANK,IN,evicted,evicted 2026-07-27 after 6 sessions in sell zone,,
HDFCLIFE,IN,sold,,,
HFCL,IN,justified,96.4% of 52w-hi @ 2026-07-22,2026-07-22,217.9
HINDPETRO,IN,watch,,,
HITECH,IN,evicted,evicted 2026-07-23 after 7 sessions in sell zone,,
HMVL,IN,sold,,,
HOMEFIRST,IN,signal,golden_cross 2026-07-15 (backfilled),2026-07-15,1247.1
HONASA,IN,watch,,,
HYUNDAI,IN,sold,,,
ICICIBANK,IN,watch,,,
IDBI,IN,watch,,,
IDEA,IN,watch,,,
IDFCFIRSTB,IN,watch,,,
IGARASHI,IN,signal,golden_cross 2026-07-15 (backfilled),2026-07-15,465.9
IIFL,IN,watch,,,
IKIO,IN,signal,golden_cross 2026-07-20 (backfilled),2026-07-20,214.37
IMFA,IN,playbook,trend+value/quality (LONG),2026-07-25,1370.0
INDHOTEL,IN,signal,golden_cross 2026-07-20 (backfilled),2026-07-20,725.05
INDIACEM,IN,watch,,,
INDIAGLYCO,IN,watch,,,
INDIGOPNTS,IN,watch,,,
INDNIPPON,IN,playbook,trend+value/quality (LONG),2026-07-25,1213.7
INDOFARM,IN,held,Indo Farm Equipment,,
INDOSTAR,IN,signal,golden_cross 2026-07-13 (backfilled),2026-07-13,269.35
INDOTECH,IN,watch,,,
INDSUCR,IN,sold,,,
INDSWFTLAB,IN,watch,,,
INDUSINDBK,IN,sold,,,
IOC,IN,sold,,,
IOLCP,IN,watch,,,
IRFC,IN,sold,,,
ITDC,IN,watch,,,
ITI,IN,sold,,,
IXIGO,IN,watch,,,
J&KBANK,IN,sold,,,
JAYBARMARU,IN,playbook,trend+value/quality (LONG),2026-07-25,168.07
JINDALSAW,IN,watch,,,
JINDWORLD,IN,signal,golden_cross 2026-07-17 (backfilled),2026-07-17,32.2
JKPAPER,IN,watch,,,
JKTYRE,IN,evicted,evicted 2026-07-27 after 6 sessions in sell zone,,
JLHL,IN,signal,golden_cross 2026-07-20 (backfilled),2026-07-20,1558.1
JNKINDIA,IN,signal,value_rerating 2026-07-23,2026-07-23,473.75
JSWDULUX,IN,evicted,nan | renamed from AKZOINDIA (2026-07-23) | evicted 2026-07-23 after 12 sessions in sell zone,2026-07-23,
JSWENERGY,IN,watch,,,
JUBLFOOD,IN,sold,,,
KECL,IN,watch,,,
KHADIM,IN,evicted,evicted 2026-07-23 after 11 sessions in sell zone,,
KLRFM,IN,sold,,,
KMEW,IN,signal,golden_cross 2026-07-20 (backfilled),2026-07-20,2445.3
KOTAKBANK,IN,sold,,,
KPL,IN,justified,95.8% of 52w-hi @ 2026-07-22,2026-07-22,2697.5
KRBL,IN,evicted,evicted 2026-07-23 after 7 sessions in sell zone,,
KRISHIVAL,IN,signal,golden_cross 2026-07-15 (backfilled),2026-07-15,399.65
KTKBANK,IN,signal,value_rerating 2026-07-23,2026-07-23,276.25
LAFFANSQ,IN,sold,,,
LATENTVIEW,IN,watch,,,
LIBERTSHOE,IN,watch,,,
M&M,IN,sold,,,
M&MFIN,IN,watch,,,
MADRASFERT,IN,evicted,evicted 2026-07-27 after 6 sessions in sell zone,,
MAHESHWARI,IN,signal,golden_cross 2026-07-13 (backfilled),2026-07-13,
MAHLIFE,IN,sold,,,
MAITHANALL,IN,evicted,golden_cross 2026-07-20 (backfilled) | evicted 2026-07-27 after 6 sessions in sell zone,2026-07-20,1012.5
MAPMYINDIA,IN,watch,,,
MARICO,IN,watch,,,
MARINE,IN,watch,,,
MARUTI,IN,watch,,,
MASTEK,IN,sold,,,
MATRIMONY,IN,watch,,,
MAYURUNIQ,IN,playbook,trend+value/quality (LONG),2026-07-25,798.15
MAZDOCK,IN,evicted,evicted 2026-07-23 after 11 sessions in sell zone,,
MGL,IN,evicted,evicted 2026-07-23 after 6 sessions in sell zone,,
MOTHERSON,IN,watch,,,
MPSLTD,IN,watch,,,
MRPL,IN,watch,,,
MTARTECH,IN,evicted,evicted 2026-07-23 after 8 sessions in sell zone,,
NATCOPHARM,IN,evicted,evicted 2026-07-23 after 6 sessions in sell zone,,
NATIONALUM,IN,value-hold,value-cluster PE12.1 ROE30% (validated reversion) 2026-07-24,2026-07-24,343.9
NAUKRI,IN,watch,,,
NAVKARCORP,IN,signal,golden_cross 2026-07-20 (backfilled),2026-07-20,104.31
NAZARA,IN,watch,,,
NBCC,IN,sold,,,
NDRAUTO,IN,signal,golden_cross 2026-07-15 (backfilled),2026-07-15,821.0
NDTV,IN,sold,,,
NETWORK18,IN,sold,,,
NH,IN,sold,,,
NHPC,IN,sold,,,
NIACL,IN,sold,,,
NIFTYBEES,IN,held,Nippon Nifty BEES ETF,,
NMDC,IN,sold,,,
NTPC,IN,sold,,,
NYKAA,IN,watch,,,
OFSS,IN,watch,,,
OIL,IN,watch,,,
OLAELEC,IN,evicted,nan | symbol corrected from OLAELECTRIC (2026-07-23) | evicted 2026-07-24 after 6 sessions in sell zone,2026-07-23,37.0
OMAXE,IN,watch,,,
ONMOBILE,IN,signal,golden_cross 2026-07-17 (backfilled),2026-07-17,63.15
PARAGMILK,IN,evicted,evicted 2026-07-23 after 7 sessions in sell zone,,
PATANJALI,IN,sold,,,
PETRONET,IN,watch,,,
PICCADIL,IN,signal,golden_cross 2026-07-17 (backfilled),2026-07-17,729.55
PIDILITIND,IN,watch,,,
PNB,IN,sold,,,
PNBHOUSING,IN,watch,,,
POKARNA,IN,watch,,,
PPL,IN,signal,golden_cross 2026-07-17 (backfilled),2026-07-17,257.0
PPLPHARMA,IN,signal,golden_cross 2026-07-20 (backfilled),2026-07-20,178.87
PRAJIND,IN,evicted,evicted 2026-07-27 after 6 sessions in sell zone,,
PREMIERENE,IN,watch,,,
PREMIERPOL,IN,signal,value_rerating 2026-07-23,2026-07-23,79.48
PRICOLLTD,IN,signal,golden_cross 2026-07-17 (backfilled),2026-07-17,615.3
PRINCEPIPE,IN,evicted,golden_cross 2026-07-20 (backfilled) | evicted 2026-07-24 after 6 sessions in sell zone,2026-07-20,267.5
PROTEAN,IN,watch,,,
PROZONER,IN,sold,,,
PSUBNKBEES,IN,held,Nippon PSU Bank BEES ETF,,
PUNJABCHEM,IN,watch,,,
PVRINOX,IN,watch,nan | renamed from PVR (2026-07-23),2026-07-23,1007.4
RAIN,IN,watch,,,
RAMCOIND,IN,signal,golden_cross 2026-07-17 (backfilled),2026-07-17,353.45
RAYMOND,IN,watch,,,
RAYMONDREL,IN,watch,,,
RCF,IN,sold,,,
RECLTD,IN,watch,,,
REDINGTON,IN,watch,,,
RELIANCE,IN,watch,,,
RENUKA,IN,sold,,,
RESPONIND,IN,signal,golden_cross 2026-07-15 (backfilled),2026-07-15,190.53
ROTO,IN,signal,golden_cross 2026-07-17 (backfilled),2026-07-17,65.05
RRKABEL,IN,sold,,,
SAGILITY,IN,watch,,,
SAIL,IN,sold,,,
SANGHVIMOV,IN,playbook,trend+value/quality (LONG),2026-07-25,429.75
SAPPHIRE,IN,watch,,,
SATIN,IN,signal,value_rerating 2026-07-23,2026-07-23,251.85
SBILIFE,IN,watch,,,
SBIN,IN,watch,,,
SCHNEIDER,IN,watch,,,
SEAMECLTD,IN,playbook,trend+value/quality (LONG),2026-07-25,1370.7
SENORES,IN,held,Senores Pharmaceuticals,,
SHAKTIPUMP,IN,evicted,evicted 2026-07-24 after 6 sessions in sell zone,,
SIEMENS,IN,watch,,,
SIGNATURE,IN,value-hold,value-cluster PE9.8 ROE59% (validated reversion) 2026-07-24,2026-07-24,768.35
SOUTHBANK,IN,watch,,,
SPCENET,IN,evicted,evicted 2026-07-24 after 6 sessions in sell zone,,
SPLPETRO,IN,held,Supreme Petrochem,,
SPORTKING,IN,justified,100.0% of 52w-hi @ 2026-07-22,2026-07-22,200.92
STALLION,IN,watch,,,
STCINDIA,IN,sold,,,
STLTECH,IN,justified,495.1% 6m mom @ 2026-07-22,2026-07-22,552.95
STOVEKRAFT,IN,watch,,,
STYLEBAAZA,IN,sold,,,
SUMICHEM,IN,sold,,,
SUNDROP,IN,watch,nan | renamed from ATFL (2026-07-23),2026-07-23,692.4
SUNPHARMA,IN,watch,,,
SUNTV,IN,sold,,,
SUZLON,IN,held,Suzlon Energy,,
SWIGGY,IN,watch,,,
SYNGENE,IN,sold,,,
SYRMA,IN,sold,,,
TARIL,IN,signal,golden_cross 2026-07-20 (backfilled),2026-07-20,333.6
TATAELXSI,IN,sold,,,
TCI,IN,evicted,evicted 2026-07-23 after 11 sessions in sell zone,,
TCPLPACK,IN,watch,,,
TEJASNET,IN,watch,,,
TFCILTD,IN,signal,value_rerating 2026-07-23,2026-07-23,81.81
THERMAX,IN,watch,,,
TITAGARH,IN,sold,,,
TITAN,IN,watch,,,
TMB,IN,playbook,trend+value/quality (LONG),2026-07-25,810.65
TNPETRO,IN,held,Tamilnadu Petroproducts,,
TNPL,IN,held,TN Newsprint & Papers,,
TRACXN,IN,sold,,,
TRITURBINE,IN,sold,,,
TRIVENI,IN,watch,,,
TVSMOTOR,IN,watch,,,
UCOBANK,IN,watch,,,
UDS,IN,signal,golden_cross 2026-07-20 (backfilled),2026-07-20,193.52
UJJIVANSFB,IN,sold,,,
UNICHEMLAB,IN,signal,golden_cross 2026-07-13 (backfilled),2026-07-13,596.95
UNIMECH,IN,held,Unimech Aerospace,,
UNIONBANK,IN,watch,,,
UNIPARTS,IN,playbook,trend+value/quality (LONG),2026-07-25,676.35
VADILALIND,IN,watch,,,
VAIBHAVGBL,IN,signal,golden_cross 2026-07-13 (backfilled),2026-07-13,255.88
VEDL,IN,value-hold,value-cluster PE5.9 ROE43% (validated reversion) 2026-07-24,2026-07-24,264.65
VENTIVE,IN,held,Ventive Hospitality,,
VIJAYA,IN,watch,,,
VIKRAMSOLR,IN,evicted,evicted 2026-07-23 after 8 sessions in sell zone,,
VINCOFE,IN,signal,golden_cross 2026-07-20 (backfilled),2026-07-20,158.93
VINYLINDIA,IN,sold,,,
VMART,IN,watch,,,
VOLTAS,IN,watch,,,
WABAG,IN,watch,,,
WELSPLSOL,IN,sold,,,
WELSPUNLIV,IN,sold,,,
WINDLAS,IN,signal,golden_cross 2026-07-17 (backfilled),2026-07-17,844.25
WSTCSTPAPR,IN,watch,,,
YASHO,IN,justified,100.0% of 52w-hi @ 2026-07-22,2026-07-22,3218.2
YESBANK,IN,watch,,,
ZEEL,IN,watch,,,
ZEEMEDIA,IN,sold,,,
1787,JP,signal,golden_cross 2026-07-20 (backfilled),2026-07-20,6190.0
1811,JP,signal,technical 2026-07-22,2026-07-22,8210.0
2112.T,JP,playbook,value-reversion (LONG),2026-07-25,
2175,JP,signal,technical 2026-07-21,2026-07-21,2478.0
2220.T,JP,playbook,value-reversion (LONG),2026-07-25,1226.0
2533,JP,signal,golden_cross 2026-07-21 (backfilled),2026-07-21,506.0
2818,JP,signal,golden_cross 2026-07-20 (backfilled),2026-07-20,1770.0
2820,JP,signal,golden_cross 2026-07-17 (backfilled),2026-07-17,5040.0
2882,JP,signal,golden_cross 2026-07-15 (backfilled),2026-07-15,2058.0
3020,JP,signal,golden_cross 2026-07-20 (backfilled),2026-07-20,4120.0
3076,JP,signal,golden_cross 2026-07-15 (backfilled),2026-07-15,2712.0
3420,JP,signal,golden_cross 2026-07-17 (backfilled),2026-07-17,1585.0
3475,JP,signal,golden_cross 2026-07-17 (backfilled),2026-07-17,1468.0
3536,JP,signal,golden_cross 2026-07-21 (backfilled),2026-07-21,130.0
3632,JP,signal,golden_cross 2026-07-15 (backfilled),2026-07-15,399.0
3753,JP,signal,golden_cross 2026-07-17 (backfilled),2026-07-17,190.0
3769,JP,signal,golden_cross 2026-07-21 (backfilled),2026-07-21,9929.0
3776.T,JP,justified,28.8 RSI @ 2026-07-23,2026-07-23,240.0
3791.T,JP,justified,28.5 RSI @ 2026-07-23,2026-07-23,950.0
3946,JP,signal,technical 2026-07-22,2026-07-22,4465.0
4053,JP,signal,golden_cross 2026-07-21 (backfilled),2026-07-21,456.0
4092,JP,signal,recurring x2 +10.2% since 2026-07-21,2026-07-21,5190.0
4197,JP,signal,technical 2026-07-21,2026-07-21,2330.0
4206,JP,signal,golden_cross 2026-07-21 (backfilled),2026-07-21,3681.0
4221,JP,signal,golden_cross 2026-07-15 (backfilled),2026-07-15,5040.0
4249,JP,signal,technical 2026-07-22,2026-07-22,2546.0
4441,JP,signal,technical 2026-07-21,2026-07-21,1570.0
4443,JP,signal,golden_cross 2026-07-17 (backfilled),2026-07-17,1827.0
4543,JP,signal,golden_cross 2026-07-20 (backfilled),2026-07-20,2240.5
4680,JP,signal,golden_cross 2026-07-21 (backfilled),2026-07-21,1270.0
4728,JP,signal,golden_cross 2026-07-15 (backfilled),2026-07-15,641.0
5108,JP,signal,golden_cross 2026-07-20 (backfilled),2026-07-20,3778.0
5269,JP,signal,golden_cross 2026-07-20 (backfilled),2026-07-20,341.0
5393.T,JP,evicted,28.2 RSI @ 2026-07-22 | evicted 2026-07-23 after 8 sessions in sell zone,2026-07-22,3311.0
5909,JP,signal,golden_cross 2026-07-20 (backfilled),2026-07-20,1026.0
5938,JP,signal,golden_cross 2026-07-20 (backfilled),2026-07-20,1861.5
6138,JP,signal,technical 2026-07-22,2026-07-22,1216.0
6276,JP,signal,golden_cross 2026-07-20 (backfilled),2026-07-20,312.0
6325,JP,signal,golden_cross 2026-07-20 (backfilled),2026-07-20,403.0
6333,JP,signal,golden_cross 2026-07-17 (backfilled),2026-07-17,3120.0
6616.T,JP,evicted,29.0 RSI @ 2026-07-22 | evicted 2026-07-23 after 13 sessions in sell zone,2026-07-22,1896.0
6915,JP,signal,golden_cross 2026-07-20 (backfilled),2026-07-20,3290.0
6995,JP,signal,golden_cross 2026-07-21 (backfilled),2026-07-21,3115.0
7033,JP,signal,golden_cross 2026-07-17 (backfilled),2026-07-17,1362.0
7060,JP,signal,golden_cross 2026-07-20 (backfilled),2026-07-20,628.0
7102.T,JP,playbook,value-reversion (LONG),2026-07-25,3695.0
7175,JP,signal,technical 2026-07-22,2026-07-22,1590.0
7212.T,JP,playbook,value-reversion (LONG),2026-07-25,682.0
7231.T,JP,playbook,value-reversion (LONG),2026-07-25,2922.0
7815.T,JP,playbook,value-reversion (LONG),2026-07-25,365.0
7867,JP,signal,technical 2026-07-21,2026-07-21,3690.0
8075,JP,signal,golden_cross 2026-07-20 (backfilled),2026-07-20,2504.0
8101,JP,signal,technical 2026-07-21,2026-07-21,2654.0
8147,JP,signal,golden_cross 2026-07-20 (backfilled),2026-07-20,1470.0
8281,JP,signal,golden_cross 2026-07-21 (backfilled),2026-07-21,1108.0
8338.T,JP,playbook,value-reversion (LONG),2026-07-25,670.0
8387.T,JP,playbook,value-reversion (LONG),2026-07-25,3290.0
8410,JP,signal,technical 2026-07-21,2026-07-21,311.3
8424,JP,signal,golden_cross 2026-07-20 (backfilled),2026-07-20,4425.0
8923,JP,signal,golden_cross 2026-07-17 (backfilled),2026-07-17,1783.0
9082,JP,signal,golden_cross 2026-07-15 (backfilled),2026-07-15,1537.0
9202,JP,signal,golden_cross 2026-07-15 (backfilled),2026-07-15,3004.0
9686,JP,signal,golden_cross 2026-07-15 (backfilled),2026-07-15,1633.0
9997,JP,signal,golden_cross 2026-07-15 (backfilled),2026-07-15,1045.0
002380.KS,KR,value-hold,value-cluster PE2.4 ROE20% (validated reversion) 2026-07-24,2026-07-24,
006490.KS,KR,justified,20.9 RSI @ 2026-07-22,2026-07-22,1002.0
007370.KQ,KR,value-hold,value-cluster PE2.4 ROE14% (validated reversion) 2026-07-24,2026-07-24,
015760.KS,KR,value-hold,value-cluster PE2.5 ROE18% (validated reversion) 2026-07-24,2026-07-24,
020710.KQ,KR,value-hold,value-cluster PE2.3 ROE16% (validated reversion) 2026-07-24,2026-07-24,
066980.KQ,KR,playbook,expensive∩lo-ROE (SHORT),2026-07-25,1587.0
069730.KS,KR,playbook,cheap∩hi-ROE (LONG),2026-07-25,5800.0
071320.KS,KR,value-hold,value-cluster PE2.2 ROE15% (validated reversion) 2026-07-24,2026-07-24,
071670.KQ,KR,playbook,expensive∩lo-ROE (SHORT),2026-07-25,5100.0
088130.KQ,KR,playbook,cheap∩hi-ROE (LONG),2026-07-25,5040.0
088910.KQ,KR,playbook,cheap∩hi-ROE (LONG),2026-07-25,2170.0
089030.KQ,KR,playbook,expensive∩lo-ROE (SHORT),2026-07-25,49250.0
093370.KS,KR,playbook,expensive∩lo-ROE (SHORT),2026-07-25,11190.0
096760.KS,KR,playbook,cheap∩hi-ROE (LONG),2026-07-25,3827.0
098460.KQ,KR,playbook,expensive∩lo-ROE (SHORT),2026-07-25,27100.0
100220.KS,KR,playbook,cheap∩hi-ROE (LONG),2026-07-25,4705.0
101160,KR,signal,technical 2026-07-21,2026-07-21,29450.0
104040,KR,signal,technical 2026-07-21,2026-07-21,2880.0
105560,KR,signal,technical 2026-07-21,2026-07-21,174000.0
119850,KR,signal,technical 2026-07-21,2026-07-21,35750.0
120240,KR,signal,technical 2026-07-21,2026-07-21,14640.0
123750.KQ,KR,playbook,expensive∩lo-ROE (SHORT),2026-07-25,2075.0
12690,KR,signal,technical 2026-07-22,2026-07-22,1659.0
127120,KR,signal,technical 2026-07-21,2026-07-21,32600.0
130660.KS,KR,playbook,expensive∩lo-ROE (SHORT),2026-07-25,10780.0
131290,KR,signal,technical 2026-07-21,2026-07-21,251000.0
136490,KR,signal,technical 2026-07-21,2026-07-21,9770.0
136490.KS,KR,playbook,cheap∩hi-ROE (LONG),2026-07-25,9650.0
14100,KR,signal,technical 2026-07-21,2026-07-21,1889.0
144960,KR,signal,technical 2026-07-21,2026-07-21,10000.0
145210,KR,evicted,technical 2026-07-21 | evicted 2026-07-23 after 10 sessions in sell zone,2026-07-21,224.0
14710,KR,signal,technical 2026-07-21,2026-07-21,9170.0
15020,KR,signal,technical 2026-07-21,2026-07-21,928.0
1540,KR,signal,technical 2026-07-21,2026-07-21,11560.0
163730.KQ,KR,playbook,expensive∩lo-ROE (SHORT),2026-07-25,8040.0
16920,KR,signal,technical 2026-07-21,2026-07-21,1008.0
175330,KR,signal,technical 2026-07-21,2026-07-21,26000.0
17650,KR,signal,technical 2026-07-21,2026-07-21,9140.0
17890,KR,signal,technical 2026-07-21,2026-07-21,13170.0
185490,KR,signal,technical 2026-07-21,2026-07-21,1500.0
192390,KR,signal,technical 2026-07-21,2026-07-21,1834.0
20120,KR,signal,technical 2026-07-21,2026-07-21,3585.0
212560,KR,signal,technical 2026-07-21,2026-07-21,10560.0
212710,KR,signal,technical 2026-07-21,2026-07-21,9000.0
214260,KR,signal,technical 2026-07-21,2026-07-21,8550.0
21650,KR,signal,technical 2026-07-21,2026-07-21,2190.0
219130,KR,signal,technical 2026-07-21,2026-07-21,75900.0
222040,KR,signal,technical 2026-07-21,2026-07-21,8200.0
227610,KR,signal,technical 2026-07-21,2026-07-21,1431.0
236200,KR,signal,technical 2026-07-21,2026-07-21,47300.0
237750,KR,evicted,technical 2026-07-21 | evicted 2026-07-23 after 6 sessions in sell zone,2026-07-21,3995.0
244920,KR,signal,technical 2026-07-21,2026-07-21,11370.0
263800,KR,signal,technical 2026-07-21,2026-07-21,6040.0
26890,KR,signal,technical 2026-07-21,2026-07-21,8170.0
26910,KR,signal,technical 2026-07-21,2026-07-21,5390.0
270520,KR,signal,technical 2026-07-21,2026-07-21,2875.0
270870,KR,signal,technical 2026-07-21,2026-07-21,4620.0
2820,KR,signal,technical 2026-07-21,2026-07-21,2285.0
284740.KS,KR,playbook,cheap∩hi-ROE (LONG),2026-07-25,21100.0
290690,KR,signal,technical 2026-07-21,2026-07-21,4300.0
298000.KS,KR,playbook,cheap∩hi-ROE (LONG),2026-07-25,61400.0
30720,KR,signal,technical 2026-07-21,2026-07-21,5730.0
310200,KR,signal,technical 2026-07-21,2026-07-21,2440.0
314930.KQ,KR,playbook,expensive∩lo-ROE (SHORT),2026-07-25,8410.0
318010,KR,signal,technical 2026-07-21,2026-07-21,3685.0
319660,KR,signal,technical 2026-07-21,2026-07-21,170000.0
31980,KR,signal,technical 2026-07-21,2026-07-21,135000.0
33130,KR,signal,technical 2026-07-21,2026-07-21,1971.0
332370,KR,signal,technical 2026-07-21,2026-07-21,5270.0
33560,KR,signal,technical 2026-07-21,2026-07-21,4365.0
348030,KR,signal,technical 2026-07-21,2026-07-21,2900.0
348350,KR,signal,technical 2026-07-21,2026-07-21,9480.0
35610,KR,signal,technical 2026-07-21,2026-07-21,4785.0
361670,KR,signal,technical 2026-07-21,2026-07-21,3395.0
362320,KR,signal,technical 2026-07-22,2026-07-22,4750.0
3680,KR,signal,technical 2026-07-21,2026-07-21,8600.0
3690,KR,signal,technical 2026-07-21,2026-07-21,13380.0
36930,KR,signal,technical 2026-07-21,2026-07-21,169200.0
380540,KR,signal,technical 2026-07-21,2026-07-21,8450.0
38880,KR,signal,golden_cross 2026-07-15 (backfilled),2026-07-15,4240.0
399720,KR,signal,technical 2026-07-21,2026-07-21,45200.0
400,KR,signal,technical 2026-07-21,2026-07-21,2180.0
416180.KQ,KR,playbook,expensive∩lo-ROE (SHORT),2026-07-25,18070.0
417310.KS,KR,playbook,expensive∩lo-ROE (SHORT),2026-07-25,10730.0
42420,KR,signal,technical 2026-07-21,2026-07-21,22600.0
43590,KR,signal,technical 2026-07-21,2026-07-21,1410.0
4430,KR,signal,technical 2026-07-21,2026-07-21,12080.0
44340,KR,signal,technical 2026-07-21,2026-07-21,4135.0
446540,KR,signal,technical 2026-07-21,2026-07-21,6680.0
448730.KS,KR,playbook,expensive∩lo-ROE (SHORT),2026-07-25,5520.0
45060,KR,signal,technical 2026-07-21,2026-07-21,2200.0
453340,KR,signal,technical 2026-07-21,2026-07-21,18020.0
457600,KR,signal,technical 2026-07-21,2026-07-21,3310.0
472850.KQ,KR,playbook,cheap∩hi-ROE (LONG),2026-07-25,3820.0
475150,KR,signal,technical 2026-07-21,2026-07-21,55900.0
481070,KR,signal,technical 2026-07-21,2026-07-21,16200.0
52330,KR,signal,technical 2026-07-21,2026-07-21,12010.0
53350,KR,signal,technical 2026-07-21,2026-07-21,3625.0
5360,KR,signal,technical 2026-07-21,2026-07-21,2615.0
5430,KR,signal,technical 2026-07-21,2026-07-21,79300.0
54410,KR,signal,technical 2026-07-21,2026-07-21,3590.0
54940,KR,signal,golden_cross 2026-07-15 (backfilled),2026-07-15,867.0
55550,KR,signal,technical 2026-07-21,2026-07-21,104700.0
5670,KR,signal,technical 2026-07-21,2026-07-21,6380.0
57540,KR,signal,technical 2026-07-21,2026-07-21,940.0
58630,KR,signal,technical 2026-07-21,2026-07-21,4420.0
6090,KR,signal,technical 2026-07-21,2026-07-21,8260.0
61090,KR,signal,technical 2026-07-21,2026-07-21,42350.0
6120,KR,signal,technical 2026-07-21,2026-07-21,50400.0
6340,KR,signal,technical 2026-07-21,2026-07-21,11840.0
6370,KR,signal,technical 2026-07-21,2026-07-21,5620.0
65690,KR,signal,technical 2026-07-22,2026-07-22,1417.0
66590,KR,signal,technical 2026-07-21,2026-07-21,3185.0
66620,KR,signal,technical 2026-07-21,2026-07-21,23850.0
69460,KR,signal,technical 2026-07-21,2026-07-21,2660.0
70590,KR,signal,technical 2026-07-21,2026-07-21,1639.0
7070,KR,signal,technical 2026-07-21,2026-07-21,25750.0
71200,KR,signal,technical 2026-07-21,2026-07-21,8600.0
71950,KR,signal,technical 2026-07-21,2026-07-21,1750.0
73240,KR,signal,technical 2026-07-21,2026-07-21,6100.0
79650,KR,signal,technical 2026-07-21,2026-07-21,4255.0
79940,KR,signal,technical 2026-07-21,2026-07-21,47500.0
80010,KR,signal,technical 2026-07-21,2026-07-21,7470.0
82210,KR,signal,technical 2026-07-21,2026-07-21,2085.0
8490,KR,signal,technical 2026-07-21,2026-07-21,21000.0
85810,KR,signal,technical 2026-07-21,2026-07-21,1719.0
86060,KR,signal,technical 2026-07-21,2026-07-21,5150.0
89860,KR,signal,technical 2026-07-21,2026-07-21,36700.0
89970,KR,signal,technical 2026-07-21,2026-07-21,89300.0
90850,KR,signal,technical 2026-07-21,2026-07-21,6060.0
91440,KR,signal,technical 2026-07-21,2026-07-21,2915.0
91970,KR,signal,technical 2026-07-21,2026-07-21,3910.0
9240,KR,signal,technical 2026-07-21,2026-07-21,35300.0
9310,KR,signal,technical 2026-07-21,2026-07-21,5325.0
93380,KR,signal,technical 2026-07-21,2026-07-21,2665.0
94800,KR,signal,technical 2026-07-21,2026-07-21,6300.0
94840,KR,signal,technical 2026-07-21,2026-07-21,12910.0
94860,KR,signal,technical 2026-07-21,2026-07-21,1421.0
95610,KR,signal,technical 2026-07-21,2026-07-21,165700.0
A,US,held,,,
AAPL,US,held,,,
ABT,US,held,,,
ACCO,US,playbook,cheap-vs-market (LONG),2026-07-25,4.07
ACI,US,justified,22.4 RSI @ 2026-07-24,2026-07-24,11.03
ACN,US,value-hold,value-cluster PE11.5 ROE25% (validated reversion) 2026-07-24,2026-07-24,146.99
ACP,US,signal,technical 2026-07-21,2026-07-21,5.31
ACVA,US,signal,recurring x2 +7.0% since 2026-07-21,2026-07-21,7.93
ADM,US,sold,,,
AFGB,US,playbook,cheap-vs-market (LONG),2026-07-25,20.72
AFGC,US,playbook,cheap-vs-market (LONG),2026-07-25,17.85
AFYA,US,evicted,tuned-model 2026-07-24 | evicted 2026-07-24 after 9 sessions in sell zone,2026-07-24,
AGIO,US,signal,golden_cross 2026-07-15 (backfilled),2026-07-15,39.87
AGM-PD,US,signal,technical 2026-07-22,2026-07-22,21.66
AIA,US,held,,,
ALC,US,value-hold,value-cluster PE9.2 ROE30% (validated reversion) 2026-07-24,2026-07-24,67.91
AMC,US,sold,,,
AMD,US,held,,,
AMGN,US,held,,,
AMZN,US,held,,,
ANF,US,value-hold,value-cluster PE8.0 ROE36% (validated reversion) 2026-07-24,2026-07-24,93.81
ANSC,US,signal,technical 2026-07-22,2026-07-22,11.45
AOS,US,signal,tuned-model 2026-07-24,2026-07-24,60.78
APM,US,signal,golden_cross 2026-07-20 (backfilled),2026-07-20,8.83
ARL,US,evicted,golden_cross 2026-07-14 (backfilled) | evicted 2026-07-27 after 6 sessions in sell zone,2026-07-14,18.37
ARM,US,sold,,,
ASBP,US,signal,golden_cross 2026-07-13 (backfilled),2026-07-13,5.97
ASLE,US,evicted,tuned-model 2026-07-24 | evicted 2026-07-24 after 12 sessions in sell zone,2026-07-24,
ASML,US,held,,,
ATRA,US,evicted,golden_cross 2026-07-20 (backfilled) | evicted 2026-07-23 after 7 sessions in sell zone,2026-07-20,8.29
AVGO,US,held,,,
BABA,US,held,,,
BAC,US,held,,,
BATRK,US,held,,,
BAX,US,signal,golden_cross 2026-07-14 (backfilled),2026-07-14,22.15
BCE,US,sold,,,
BKR,US,held,"weak 2026-07-27 (prediction audit: bear-state, drift<0) — held, not purged",,
BLFS,US,signal,recurring x2 +7.8% since 2026-07-21,2026-07-21,29.19
BLNK,US,sold,,,
BMBL,US,sold,,,
BN,US,evicted,golden_cross 2026-07-14 (backfilled) | evicted 2026-07-27 after 6 sessions in sell zone,2026-07-14,44.47
BNO,US,signal,recurring x2 +8.7% since 2026-07-21,2026-07-21,49.32
BRK.B,US,held,,,
BULL,US,signal,recurring x2 +6.0% since 2026-07-21,2026-07-21,8.15
BWEN,US,signal,recurring x2 +6.3% since 2026-07-21,2026-07-21,5.09
CAT,US,sold,,,
CCK,US,signal,golden_cross 2026-07-14 (backfilled),2026-07-14,111.55
CGBSW,US,sold,,,
CL,US,held,,,
CLBK,US,justified,21.5 RSI @ 2026-07-22,2026-07-22,11.045
CLH,US,held,,,
CME,US,held,"weak 2026-07-27 (prediction audit: bear-state, drift<0) — held, not purged",,
CMSC,US,playbook,cheap-vs-market (LONG),2026-07-25,21.91
CNH,US,signal,golden_cross 2026-07-14 (backfilled),2026-07-14,10.57
COP,US,held,,,
CORN,US,held,,,
COST,US,held,"weak 2026-07-27 (prediction audit: bear-state, drift<0) — held, not purged",,
CRAC,US,signal,technical 2026-07-21,2026-07-21,10.14
CRNX,US,signal,golden_cross 2026-07-20 (backfilled),2026-07-20,83.87
CRSP,US,sold,,,
CSAN,US,sold,,,
CTRA,US,held,,,
CVX,US,held,,,
CWK,US,held,,,
CWT,US,held,,,
DBO,US,signal,recurring x2 +11.4% since 2026-07-21,2026-07-21,20.87
DBX,US,signal,golden_cross 2026-07-14 (backfilled),2026-07-14,30.35
DELL,US,held,,,
DFP,US,signal,golden_cross 2026-07-14 (backfilled),2026-07-14,21.07
DHR,US,held,,,
DIS,US,held,"weak 2026-07-27 (prediction audit: bear-state, drift<0) — held, not purged",,
DLY,US,signal,golden_cross 2026-07-13 (backfilled),2026-07-13,14.08
DNUT,US,sold,,,
DORM,US,signal,golden_cross 2026-07-14 (backfilled),2026-07-14,137.55
DT,US,signal,golden_cross 2026-07-20 (backfilled),2026-07-20,44.71
DXC,US,held,,,
ECL,US,held,,,
EEM,US,held,,,
EMR,US,held,"weak 2026-07-27 (prediction audit: bear-state, drift<0) — held, not purged",,
ENPH,US,sold,,,
ENR,US,playbook,cheap-vs-market (LONG),2026-07-25,20.5
EPR-PC,US,signal,technical 2026-07-21,2026-07-21,27.29
EQH,US,held,,,
EQNR,US,signal,recurring x2 +6.8% since 2026-07-21,2026-07-21,37.59
ES,US,held,,,
ESEA,US,signal,recurring x2 +6.8% since 2026-07-21,2026-07-21,72.95
ESNT,US,signal,golden_cross 2026-07-20 (backfilled),2026-07-20,66.17
ETON,US,signal,recurring x2 +5.2% since 2026-07-21,2026-07-21,43.2
EW,US,sold,,,
EWJ,US,held,,,
EWT,US,held,,,
EWY,US,held,,,
EXFY,US,signal,golden_cross 2026-07-15 (backfilled),2026-07-15,1.76
F,US,sold,,,
FBIO,US,signal,recurring x2 +6.0% since 2026-07-21,2026-07-21,3.53
FDP,US,held,"weak 2026-07-27 (prediction audit: bear-state, drift<0) — held, not purged",,
FDX,US,held,"weak 2026-07-27 (prediction audit: bear-state, drift<0) — held, not purged",,
FERG,US,evicted,tuned-model 2026-07-24 | evicted 2026-07-27 after 6 sessions in sell zone,2026-07-24,230.67
FET,US,signal,recurring x2 +8.4% since 2026-07-21,2026-07-21,57.28
FL,US,held,,,
FLS,US,held,"weak 2026-07-27 (prediction audit: bear-state, drift<0) — held, not purged",,
FORR,US,signal,golden_cross 2026-07-14 (backfilled),2026-07-14,10.41
FRSH,US,sold,,,
FSLR,US,held,"weak 2026-07-27 (prediction audit: bear-state, drift<0) — held, not purged",,
FTK,US,signal,recurring x2 +6.5% since 2026-07-21,2026-07-21,27.28
FWONA,US,signal,golden_cross 2026-07-20 (backfilled),2026-07-20,91.17
FWONK,US,signal,golden_cross 2026-07-20 (backfilled),2026-07-20,99.2
GEN,US,signal,golden_cross 2026-07-14 (backfilled),2026-07-14,26.45
GFI,US,held,"weak 2026-07-27 (prediction audit: bear-state, drift<0) — held, not purged",,
GFS,US,sold,,,
GLNG,US,held,"weak 2026-07-27 (prediction audit: bear-state, drift<0) — held, not purged",,
GLW,US,held,"weak 2026-07-27 (prediction audit: bear-state, drift<0) — held, not purged",,
GNK,US,held,,,
GOOG,US,held,"weak 2026-07-27 (prediction audit: bear-state, drift<0) — held, not purged",,
GREE,US,signal,golden_cross 2026-07-13 (backfilled),2026-07-13,2.03
GREEL,US,signal,technical 2026-07-21,2026-07-21,24.7
GRN,US,signal,technical 2026-07-21,2026-07-21,33.035
GTLB,US,held,,,
HD,US,held,,,
HELP,US,signal,recurring x2 +13.9% since 2026-07-21,2026-07-21,8.1
HES,US,sold,,,
HQY,US,signal,golden_cross 2026-07-20 (backfilled),2026-07-20,98.88
HRI,US,signal,recurring x2 +10.6% since 2026-07-21,2026-07-21,147.36
HRL,US,signal,golden_cross 2026-07-13 (backfilled),2026-07-13,24.46
HSBC,US,held,,,
HUM,US,sold,,,
HVII,US,signal,technical 2026-07-22,2026-07-22,10.475
IART,US,sold,,,
IBEX,US,value-hold,value-cluster PE11.7 ROE27% (validated reversion) 2026-07-24,2026-07-24,33.46
IBM,US,held,"weak 2026-07-27 (prediction audit: bear-state, drift<0) — held, not purged",,
ICUI,US,signal,golden_cross 2026-07-14 (backfilled),2026-07-14,157.96
IFBD,US,signal,golden_cross 2026-07-15 (backfilled),2026-07-15,1.16
IGI,US,signal,golden_cross 2026-07-14 (backfilled),2026-07-14,16.02
INDP,US,signal,golden_cross 2026-07-20 (backfilled),2026-07-20,2.46
INFY,US,held,,,
INTC,US,held,"weak 2026-07-27 (prediction audit: bear-state, drift<0) — held, not purged",,
IONS,US,evicted,24.3 RSI @ 2026-07-22 | evicted 2026-07-23 after 9 sessions in sell zone,2026-07-22,53.43
IOTR,US,signal,golden_cross 2026-07-20 (backfilled),2026-07-20,3.37
IOVA,US,signal,recurring x2 +9.2% since 2026-07-21,2026-07-21,5.48
IPHA,US,signal,golden_cross 2026-07-13 (backfilled),2026-07-13,1.79
IR,US,held,,,
ITW,US,signal,golden_cross 2026-07-20 (backfilled),2026-07-20,271.69
IWM,US,held,,,
IZRL,US,held,,,
JCI,US,held,"weak 2026-07-27 (prediction audit: bear-state, drift<0) — held, not purged",,
JHML,US,held,,,
JNJ,US,held,,,
JYNT,US,signal,golden_cross 2026-07-14 (backfilled),2026-07-14,8.93
K,US,sold,,,
KCHV,US,signal,technical 2026-07-22,2026-07-22,10.4
KE,US,sold,,,
KHC,US,held,,,
KLG,US,sold,,,
KMB,US,signal,golden_cross 2026-07-20 (backfilled),2026-07-20,108.48
KO,US,held,,,
KR,US,held,"weak 2026-07-27 (prediction audit: bear-state, drift<0) — held, not purged",,
KSA,US,held,,,
KSS,US,signal,recurring x2 +7.6% since 2026-07-21,2026-07-21,18.13
LINK,US,signal,golden_cross 2026-07-15 (backfilled),2026-07-15,4.27
LIT,US,sold,,,
LMFA,US,signal,golden_cross 2026-07-13 (backfilled),2026-07-13,2.84
LNG,US,held,,,
LULU,US,value-hold,value-cluster PE7.8 ROE32% (validated reversion) 2026-07-24,2026-07-24,114.28
LYB,US,held,"weak 2026-07-27 (prediction audit: bear-state, drift<0) — held, not purged",,
MANU,US,sold,,,
MARA,US,held,"weak 2026-07-27 (prediction audit: bear-state, drift<0) — held, not purged",,
MCO,US,held,,,
MDB,US,sold,,,
MED,US,sold,,,
MELI,US,held,,,
MET,US,held,,,
META,US,held,,,
MLAB,US,held,"weak 2026-07-27 (prediction audit: bear-state, drift<0) — held, not purged",,
MNDY,US,held,,,
MNKD,US,held,,,
MNPR,US,signal,golden_cross 2026-07-13 (backfilled),2026-07-13,103.33
MRNA,US,sold,,,
MS-PQ,US,signal,golden_cross 2026-07-20 (backfilled),2026-07-20,25.39
MSCI,US,held,,,
MSW,US,signal,golden_cross 2026-07-15 (backfilled),2026-07-15,1.41
MT,US,held,,,
MTCH,US,held,,,
MTD,US,held,,,
MU,US,sold,,,
NAAS,US,signal,golden_cross 2026-07-20 (backfilled),2026-07-20,3.16
NAMSW,US,evicted,golden_cross 2026-07-14 (backfilled) | evicted 2026-07-23 after 6 sessions in sell zone,2026-07-14,20.56
NEXT,US,held,,,
NKE,US,sold,,,
NMIH,US,signal,golden_cross 2026-07-20 (backfilled),2026-07-20,42.63
NRGU,US,signal,recurring x2 +8.0% since 2026-07-21,2026-07-21,43.335
NTGR,US,held,"weak 2026-07-27 (prediction audit: bear-state, drift<0) — held, not purged",,
NVDA,US,held,,,
NVO,US,held,,,
OILU,US,signal,recurring x2 +7.3% since 2026-07-21,2026-07-21,42.5
ON,US,sold,,,
ONCH,US,signal,golden_cross 2026-07-20 (backfilled),2026-07-20,10.29
OTLK,US,signal,golden_cross 2026-07-15 (backfilled),2026-07-15,1.56
OXY,US,held,,,
PAG,US,signal,recurring x2 +10.2% since 2026-07-21,2026-07-21,195.19
PCYO,US,evicted,tuned-model 2026-07-24 | evicted 2026-07-27 after 6 sessions in sell zone,2026-07-24,10.68
PEG,US,evicted,tuned-model 2026-07-24 | evicted 2026-07-24 after 7 sessions in sell zone,2026-07-24,
PEGA,US,held,,,
PFE,US,sold,,,
PG,US,held,,,
PLSE,US,signal,recurring x2 +14.2% since 2026-07-21,2026-07-21,30.26
PMA,US,signal,golden_cross 2026-07-15 (backfilled),2026-07-15,1.37
PML,US,signal,golden_cross 2026-07-13 (backfilled),2026-07-13,7.52
PRPL,US,signal,golden_cross 2026-07-20 (backfilled),2026-07-20,6.5
PZZA,US,sold,,,
QCLN,US,sold,,,
RCL,US,signal,golden_cross 2026-07-20 (backfilled),2026-07-20,286.16
RDY,US,evicted,24.5 RSI @ 2026-07-23 | evicted 2026-07-23 after 8 sessions in sell zone,2026-07-23,
RGP,US,signal,recurring x2 +5.4% since 2026-07-21,2026-07-21,4.66
RIO,US,held,"weak 2026-07-27 (prediction audit: bear-state, drift<0) — held, not purged",,
RKLB,US,held,"weak 2026-07-27 (prediction audit: bear-state, drift<0) — held, not purged",,
RPAY,US,signal,golden_cross 2026-07-15 (backfilled),2026-07-15,4.09
RRR,US,signal,golden_cross 2026-07-13 (backfilled),2026-07-13,64.41
RTB,US,signal,golden_cross 2026-07-13 (backfilled),2026-07-13,14.96
RWR,US,held,,,
SAP,US,held,"weak 2026-07-27 (prediction audit: bear-state, drift<0) — held, not purged",,
SBCF,US,signal,golden_cross 2026-07-20 (backfilled),2026-07-20,33.5
SE,US,held,,,
SHC,US,signal,golden_cross 2026-07-20 (backfilled),2026-07-20,17.42
SHEL,US,held,,,
SLN,US,signal,recurring x2 +9.6% since 2026-07-21,2026-07-21,10.85
SM,US,signal,recurring x2 +7.1% since 2026-07-21,2026-07-21,32.22
SMJF,US,signal,technical 2026-07-22,2026-07-22,5.53
SNEX,US,evicted,24.7 RSI @ 2026-07-22 | evicted 2026-07-23 after 7 sessions in sell zone,2026-07-22,74.53
SOXL,US,held,,,
SPGI,US,held,,,
SSL,US,sold,,,
SU,US,held,,,
SWK,US,held,,,
SYK,US,held,,,
T,US,held,"weak 2026-07-27 (prediction audit: bear-state, drift<0) — held, not purged",,
TCBX,US,signal,golden_cross 2026-07-20 (backfilled),2026-07-20,40.04
TFLO,US,held,,,
THRM,US,signal,golden_cross 2026-07-13 (backfilled),2026-07-13,36.12
TMO,US,held,,,
TMUS,US,held,,,
TPC,US,signal,recurring x2 +7.7% since 2026-07-21,2026-07-21,86.78
TSLA,US,held,"weak 2026-07-27 (prediction audit: bear-state, drift<0) — held, not purged",,
TSM,US,held,"weak 2026-07-27 (prediction audit: bear-state, drift<0) — held, not purged",,
TTE,US,held,"weak 2026-07-27 (prediction audit: bear-state, drift<0) — held, not purged",,
TTWO,US,signal,golden_cross 2026-07-15 (backfilled),2026-07-15,243.8
TXN,US,held,"weak 2026-07-27 (prediction audit: bear-state, drift<0) — held, not purged",,
UBS,US,held,,,
UGI,US,held,,,
UPBD,US,signal,golden_cross 2026-07-13 (backfilled),2026-07-13,21.15
USA,US,signal,golden_cross 2026-07-14 (backfilled),2026-07-14,5.82
USO,US,signal,recurring x2 +11.4% since 2026-07-21,2026-07-21,125.51
V,US,held,,,
VLO,US,held,,,
VOC,US,signal,recurring x2 +5.6% since 2026-07-21,2026-07-21,3.37
VOYA-PB,US,signal,technical 2026-07-22,2026-07-22,23.77
VRNS,US,signal,golden_cross 2026-07-14 (backfilled),2026-07-14,47.33
VVV,US,held,,,
VZ,US,held,"weak 2026-07-27 (prediction audit: bear-state, drift<0) — held, not purged",,
WBD,US,sold,,,
WBX,US,signal,golden_cross 2026-07-20 (backfilled),2026-07-20,4.15
WIT,US,held,"weak 2026-07-27 (prediction audit: bear-state, drift<0) — held, not purged",,
WKHS,US,sold,,,
WM,US,held,,,
WMT,US,held,"weak 2026-07-27 (prediction audit: bear-state, drift<0) — held, not purged",,
WTIU,US,signal,recurring x2 +8.7% since 2026-07-21,2026-07-21,18.354
XNCR,US,signal,recurring x2 +8.7% since 2026-07-21,2026-07-21,20.45
XOM,US,held,,,
ZBIO,US,signal,recurring x2 +5.4% since 2026-07-21,2026-07-21,32.36
