symbol,market,status,note,entry_date,entry_price,purged_date,reason
AJANTSOY,IN,evicted,evicted 2026-07-23 after 47 sessions in sell zone,,,2026-07-23,
AVANTIFEED,IN,evicted,evicted 2026-07-23 after 39 sessions in sell zone,,,2026-07-23,
AXITA,IN,evicted,evicted 2026-07-23 after 106 sessions in sell zone,,,2026-07-23,
BANARISUG,IN,evicted,evicted 2026-07-23 after 26 sessions in sell zone,,,2026-07-23,
BCCL,IN,evicted,evicted 2026-07-23 after 107 sessions in sell zone,,,2026-07-23,
BLS,IN,evicted,evicted 2026-07-23 after 50 sessions in sell zone,,,2026-07-23,
CANBK,IN,evicted,evicted 2026-07-23 after 21 sessions in sell zone,,,2026-07-23,
CESC,IN,evicted,evicted 2026-07-23 after 21 sessions in sell zone,,,2026-07-23,
COALINDIA,IN,evicted,evicted 2026-07-23 after 30 sessions in sell zone,,,2026-07-23,
DONEAR,IN,evicted,evicted 2026-07-23 after 19 sessions in sell zone,,,2026-07-23,
GSAUTO,IN,evicted,evicted 2026-07-23 after 45 sessions in sell zone,,,2026-07-23,
HERANBA,IN,evicted,evicted 2026-07-23 after 48 sessions in sell zone,,,2026-07-23,
HINDALCO,IN,evicted,evicted 2026-07-23 after 30 sessions in sell zone,,,2026-07-23,
INFY,IN,evicted,evicted 2026-07-23 after 35 sessions in sell zone,,,2026-07-23,
INOXWIND,IN,evicted,evicted 2026-07-23 after 21 sessions in sell zone,,,2026-07-23,
IRCTC,IN,evicted,evicted 2026-07-23 after 51 sessions in sell zone,,,2026-07-23,
ITC,IN,evicted,evicted 2026-07-23 after 44 sessions in sell zone,,,2026-07-23,
JKLAKSHMI,IN,evicted,evicted 2026-07-23 after 47 sessions in sell zone,,,2026-07-23,
KRIDHANINF,IN,evicted,evicted 2026-07-23 after 21 sessions in sell zone,,,2026-07-23,
MHRIL,IN,evicted,evicted 2026-07-23 after 16 sessions in sell zone,,,2026-07-23,
NATIONALUM,IN,evicted,evicted 2026-07-23 after 33 sessions in sell zone,,,2026-07-23,
NLCINDIA,IN,evicted,evicted 2026-07-23 after 16 sessions in sell zone,,,2026-07-23,
NSDL,IN,evicted,evicted 2026-07-23 after 18 sessions in sell zone,,,2026-07-23,
ONGC,IN,evicted,evicted 2026-07-23 after 39 sessions in sell zone,,,2026-07-23,
PFC,IN,evicted,evicted 2026-07-23 after 18 sessions in sell zone,,,2026-07-23,
RHFL,IN,evicted,evicted 2026-07-23 after 62 sessions in sell zone,,,2026-07-23,
RVNL,IN,evicted,evicted 2026-07-23 after 50 sessions in sell zone,,,2026-07-23,
SANDUMA,IN,evicted,evicted 2026-07-23 after 30 sessions in sell zone,,,2026-07-23,
SIMBHALS,IN,evicted,evicted 2026-07-23 after 39 sessions in sell zone,,,2026-07-23,
TARAPUR,IN,evicted,evicted 2026-07-23 after 65 sessions in sell zone,,,2026-07-23,
TATACONSUM,IN,evicted,evicted 2026-07-23 after 37 sessions in sell zone,,,2026-07-23,
TATAPOWER,IN,evicted,evicted 2026-07-23 after 35 sessions in sell zone,,,2026-07-23,
TATASTEEL,IN,evicted,evicted 2026-07-23 after 33 sessions in sell zone,,,2026-07-23,
TIRUMALCHM,IN,evicted,evicted 2026-07-23 after 37 sessions in sell zone,,,2026-07-23,
UGROCAP,IN,evicted,evicted 2026-07-23 after 52 sessions in sell zone,,,2026-07-23,
UNITEDTEA,IN,evicted,evicted 2026-07-23 after 35 sessions in sell zone,,,2026-07-23,
VEDL,IN,evicted,evicted 2026-07-23 after 57 sessions in sell zone,,,2026-07-23,
WAAREEENER,IN,evicted,evicted 2026-07-23 after 22 sessions in sell zone,,,2026-07-23,
WIPRO,IN,evicted,evicted 2026-07-23 after 33 sessions in sell zone,,,2026-07-23,
ZODIAC,IN,evicted,evicted 2026-07-23 after 37 sessions in sell zone,,,2026-07-23,
ATUL,IN,evicted,piotroski+debt 2026-07-21 | evicted 2026-07-23 after 18 sessions in sell zone,2026-07-21,6191.5,2026-07-23,
AARON,IN,evicted,piotroski+debt 2026-07-21 | evicted 2026-07-23 after 222 sessions in sell zone,2026-07-21,119.95,2026-07-23,
38390,KR,evicted,technical 2026-07-21 | evicted 2026-07-23 after 50 sessions in sell zone,2026-07-21,9730.0,2026-07-23,
KKRT,US,evicted,22.9 RSI @ 2026-07-22 | evicted 2026-07-23 after 18 sessions in sell zone,2026-07-22,23.28,2026-07-23,
SSTK,US,evicted,25.0 RSI @ 2026-07-22 | evicted 2026-07-23 after 20 sessions in sell zone,2026-07-22,7.38,2026-07-23,
SJT,US,evicted,25.1 RSI @ 2026-07-22 | evicted 2026-07-23 after 116 sessions in sell zone,2026-07-22,2.4794,2026-07-23,
PNR,US,evicted,25.9 RSI @ 2026-07-22 | evicted 2026-07-23 after 58 sessions in sell zone,2026-07-22,62.61,2026-07-23,
AA,US,evicted,26.1 RSI @ 2026-07-22 | evicted 2026-07-23 after 25 sessions in sell zone,2026-07-22,46.32,2026-07-23,
LAC,US,evicted,26.2 RSI @ 2026-07-22 | evicted 2026-07-23 after 31 sessions in sell zone,2026-07-22,3.02,2026-07-23,
PRTS,US,evicted,26.7 RSI @ 2026-07-22 | evicted 2026-07-23 after 49 sessions in sell zone,2026-07-22,4.6,2026-07-23,
210980.KS,KR,evicted,7.3 RSI @ 2026-07-22 | evicted 2026-07-23 after 55 sessions in sell zone,2026-07-22,5510.0,2026-07-23,
051360.KQ,KR,evicted,14.2 RSI @ 2026-07-22 | evicted 2026-07-23 after 25 sessions in sell zone,2026-07-22,16090.0,2026-07-23,
084680.KS,KR,evicted,18.1 RSI @ 2026-07-22 | evicted 2026-07-23 after 47 sessions in sell zone,2026-07-22,607.0,2026-07-23,
246690.KQ,KR,evicted,19.8 RSI @ 2026-07-22 | evicted 2026-07-23 after 50 sessions in sell zone,2026-07-22,1430.0,2026-07-23,
106190.KQ,KR,evicted,20.4 RSI @ 2026-07-22 | evicted 2026-07-23 after 54 sessions in sell zone,2026-07-22,10340.0,2026-07-23,
179900.KQ,KR,evicted,20.9 RSI @ 2026-07-22 | evicted 2026-07-23 after 36 sessions in sell zone,2026-07-22,2770.0,2026-07-23,
476040.KQ,KR,evicted,21.5 RSI @ 2026-07-22 | evicted 2026-07-23 after 133 sessions in sell zone,2026-07-22,7470.0,2026-07-23,
043100.KQ,KR,evicted,21.9 RSI @ 2026-07-22 | evicted 2026-07-23 after 102 sessions in sell zone,2026-07-22,520.0,2026-07-23,
365340.KQ,KR,evicted,22.2 RSI @ 2026-07-22 | evicted 2026-07-23 after 48 sessions in sell zone,2026-07-22,29300.0,2026-07-23,
6928.T,JP,evicted,25.6 RSI @ 2026-07-22 | evicted 2026-07-23 after 21 sessions in sell zone,2026-07-22,2590.0,2026-07-23,
4109.T,JP,evicted,28.3 RSI @ 2026-07-22 | evicted 2026-07-23 after 17 sessions in sell zone,2026-07-22,5570.0,2026-07-23,
4222.T,JP,evicted,28.6 RSI @ 2026-07-22 | evicted 2026-07-23 after 49 sessions in sell zone,2026-07-22,615.0,2026-07-23,
6619.T,JP,evicted,28.7 RSI @ 2026-07-22 | evicted 2026-07-23 after 32 sessions in sell zone,2026-07-22,154.0,2026-07-23,
7564.T,JP,evicted,28.9 RSI @ 2026-07-22 | evicted 2026-07-23 after 30 sessions in sell zone,2026-07-22,5580.0,2026-07-23,
6908.T,JP,evicted,29.3 RSI @ 2026-07-22 | evicted 2026-07-23 after 49 sessions in sell zone,2026-07-22,2789.0,2026-07-23,
9412.T,JP,evicted,29.4 RSI @ 2026-07-22 | evicted 2026-07-23 after 33 sessions in sell zone,2026-07-22,2299.0,2026-07-23,
SNPS,US,evicted,26.5 RSI @ 2026-07-23 | evicted 2026-07-23 after 32 sessions in sell zone,2026-07-23,,2026-07-23,
CAPR,US,evicted,26.8 RSI @ 2026-07-23 | evicted 2026-07-23 after 17 sessions in sell zone,2026-07-23,,2026-07-23,
SPRY,US,evicted,26.9 RSI @ 2026-07-23 | evicted 2026-07-23 after 18 sessions in sell zone,2026-07-23,,2026-07-23,
102940.KQ,KR,evicted,19.2 RSI @ 2026-07-23 | evicted 2026-07-23 after 47 sessions in sell zone,2026-07-23,17820.0,2026-07-23,
002020.KS,KR,evicted,19.2 RSI @ 2026-07-23 | evicted 2026-07-23 after 39 sessions in sell zone,2026-07-23,25050.0,2026-07-23,
7273.T,JP,evicted,25.7 RSI @ 2026-07-23 | evicted 2026-07-23 after 47 sessions in sell zone,2026-07-23,604.0,2026-07-23,
8783.T,JP,evicted,30.0 RSI @ 2026-07-23 | evicted 2026-07-23 after 61 sessions in sell zone,2026-07-23,68.0,2026-07-23,
GESHIP,IN,signal,value_rerating 2026-07-23,2026-07-23,1435.2,2026-07-23,
CANBK,IN,signal,value_rerating 2026-07-23,2026-07-23,126.46,2026-07-23,
ANTONY,IN,watch,,,,2026-07-23,"not on current NSE EQ/BE/BZ list (delisted, merged, or non-equity instrument)"
BAAZARSTYLE,IN,watch,,,,2026-07-23,"not on current NSE EQ/BE/BZ list (delisted, merged, or non-equity instrument)"
BANNARIAMM,IN,watch,,,,2026-07-23,"not on current NSE EQ/BE/BZ list (delisted, merged, or non-equity instrument)"
BIHARSPNG,IN,watch,,,,2026-07-23,"not on current NSE EQ/BE/BZ list (delisted, merged, or non-equity instrument)"
COMBAG,IN,watch,,,,2026-07-23,"not on current NSE EQ/BE/BZ list (delisted, merged, or non-equity instrument)"
DAVANAGERE,IN,watch,,,,2026-07-23,"not on current NSE EQ/BE/BZ list (delisted, merged, or non-equity instrument)"
DECANGOLD,IN,watch,,,,2026-07-23,"not on current NSE EQ/BE/BZ list (delisted, merged, or non-equity instrument)"
EKI,IN,evicted,evicted 2026-07-23 after 8 sessions in sell zone,,,2026-07-23,"not on current NSE EQ/BE/BZ list (delisted, merged, or non-equity instrument)"
EMBASSY,IN,watch,,,,2026-07-23,"not on current NSE EQ/BE/BZ list (delisted, merged, or non-equity instrument)"
GOLKALUM,IN,watch,,,,2026-07-23,"not on current NSE EQ/BE/BZ list (delisted, merged, or non-equity instrument)"
GSPL,IN,watch,,,,2026-07-23,"not on current NSE EQ/BE/BZ list (delisted, merged, or non-equity instrument)"
GUJTEX,IN,watch,,,,2026-07-23,"not on current NSE EQ/BE/BZ list (delisted, merged, or non-equity instrument)"
HDFC,IN,watch,,,,2026-07-23,"not on current NSE EQ/BE/BZ list (delisted, merged, or non-equity instrument)"
HIINFRA,IN,watch,,,,2026-07-23,"not on current NSE EQ/BE/BZ list (delisted, merged, or non-equity instrument)"
INDSUC,IN,watch,,,,2026-07-23,"not on current NSE EQ/BE/BZ list (delisted, merged, or non-equity instrument)"
JINDALDRLL,IN,watch,,,,2026-07-23,"not on current NSE EQ/BE/BZ list (delisted, merged, or non-equity instrument)"
JKUMAR,IN,watch,,,,2026-07-23,"not on current NSE EQ/BE/BZ list (delisted, merged, or non-equity instrument)"
KALLAMTEX,IN,watch,,,,2026-07-23,"not on current NSE EQ/BE/BZ list (delisted, merged, or non-equity instrument)"
KVB,IN,watch,,,,2026-07-23,"not on current NSE EQ/BE/BZ list (delisted, merged, or non-equity instrument)"
LAFFANS,IN,watch,,,,2026-07-23,"not on current NSE EQ/BE/BZ list (delisted, merged, or non-equity instrument)"
MANGCHEFER,IN,evicted,evicted 2026-07-23 after 14 sessions in sell zone,,,2026-07-23,"not on current NSE EQ/BE/BZ list (delisted, merged, or non-equity instrument)"
MINDTREE,IN,watch,,,,2026-07-23,"not on current NSE EQ/BE/BZ list (delisted, merged, or non-equity instrument)"
MKPROT,IN,watch,,,,2026-07-23,"not on current NSE EQ/BE/BZ list (delisted, merged, or non-equity instrument)"
MORARJEE,IN,watch,,,,2026-07-23,"not on current NSE EQ/BE/BZ list (delisted, merged, or non-equity instrument)"
MRSBECTORS,IN,watch,,,,2026-07-23,"not on current NSE EQ/BE/BZ list (delisted, merged, or non-equity instrument)"
PADAMCOT,IN,watch,,,,2026-07-23,"not on current NSE EQ/BE/BZ list (delisted, merged, or non-equity instrument)"
PATELINT,IN,watch,,,,2026-07-23,"not on current NSE EQ/BE/BZ list (delisted, merged, or non-equity instrument)"
RANEENGINE,IN,watch,,,,2026-07-23,"not on current NSE EQ/BE/BZ list (delisted, merged, or non-equity instrument)"
RSIL,IN,watch,,,,2026-07-23,"not on current NSE EQ/BE/BZ list (delisted, merged, or non-equity instrument)"
STC,IN,watch,,,,2026-07-23,"not on current NSE EQ/BE/BZ list (delisted, merged, or non-equity instrument)"
TARTRIND,IN,watch,,,,2026-07-23,"not on current NSE EQ/BE/BZ list (delisted, merged, or non-equity instrument)"
TRIVENTINE,IN,watch,,,,2026-07-23,"not on current NSE EQ/BE/BZ list (delisted, merged, or non-equity instrument)"
VALORE,IN,watch,,,,2026-07-23,"not on current NSE EQ/BE/BZ list (delisted, merged, or non-equity instrument)"
VJLAXMIE,IN,watch,,,,2026-07-23,"not on current NSE EQ/BE/BZ list (delisted, merged, or non-equity instrument)"
WELSPUNSPEC,IN,watch,,,,2026-07-23,"not on current NSE EQ/BE/BZ list (delisted, merged, or non-equity instrument)"
YUVRAAJ,IN,watch,,,,2026-07-23,"not on current NSE EQ/BE/BZ list (delisted, merged, or non-equity instrument)"
KONNDOR,IN,evicted,golden_cross 2026-07-13 (backfilled) | evicted 2026-07-23 after 10 sessions in sell zone,2026-07-13,15.8,2026-07-23,"not on current NSE EQ/BE/BZ list (delisted, merged, or non-equity instrument)"
NARPROP,IN,signal,golden_cross 2026-07-13 (backfilled),2026-07-13,39.27,2026-07-23,"not on current NSE EQ/BE/BZ list (delisted, merged, or non-equity instrument)"
BDH,IN,signal,golden_cross 2026-07-13 (backfilled),2026-07-13,559.95,2026-07-23,"not on current NSE EQ/BE/BZ list (delisted, merged, or non-equity instrument)"
PANCHSHEEL,IN,evicted,golden_cross 2026-07-13 (backfilled) | evicted 2026-07-23 after 6 sessions in sell zone,2026-07-13,118.35,2026-07-23,"not on current NSE EQ/BE/BZ list (delisted, merged, or non-equity instrument)"
SUPRATRE,IN,evicted,golden_cross 2026-07-13 (backfilled) | evicted 2026-07-23 after 15 sessions in sell zone,2026-07-13,14.0,2026-07-23,"not on current NSE EQ/BE/BZ list (delisted, merged, or non-equity instrument)"
SVARTCORP,IN,evicted,golden_cross 2026-07-13 (backfilled) | evicted 2026-07-23 after 9 sessions in sell zone,2026-07-13,3.56,2026-07-23,"not on current NSE EQ/BE/BZ list (delisted, merged, or non-equity instrument)"
EVEXIA,IN,signal,golden_cross 2026-07-13 (backfilled),2026-07-13,1.59,2026-07-23,"not on current NSE EQ/BE/BZ list (delisted, merged, or non-equity instrument)"
AUSTENG,IN,signal,golden_cross 2026-07-15 (backfilled),2026-07-15,166.8,2026-07-23,"not on current NSE EQ/BE/BZ list (delisted, merged, or non-equity instrument)"
TOTEM,IN,signal,golden_cross 2026-07-15 (backfilled),2026-07-15,150.6,2026-07-23,"not on current NSE EQ/BE/BZ list (delisted, merged, or non-equity instrument)"
GALXBRG,IN,signal,golden_cross 2026-07-15 (backfilled),2026-07-15,910.7,2026-07-23,"not on current NSE EQ/BE/BZ list (delisted, merged, or non-equity instrument)"
TRABI,IN,signal,golden_cross 2026-07-15 (backfilled),2026-07-15,3.16,2026-07-23,"not on current NSE EQ/BE/BZ list (delisted, merged, or non-equity instrument)"
GKCONS,IN,evicted,golden_cross 2026-07-15 (backfilled) | evicted 2026-07-23 after 6 sessions in sell zone,2026-07-15,11.51,2026-07-23,"not on current NSE EQ/BE/BZ list (delisted, merged, or non-equity instrument)"
OSWALGREEN,IN,watch,nan | renamed from BINDALAGRO (2026-07-23),2026-07-23,,2026-07-23,
GMDCLTD,IN,watch,nan | symbol corrected from GMDC (2026-07-23),2026-07-23,,2026-07-23,
PROZONER,IN,watch,nan | renamed from PROZONE (2026-07-23),2026-07-23,,2026-07-23,
TMPV,IN,evicted,evicted 2026-07-23 after 10 sessions in sell zone | renamed from TATAMOTORS (2026-07-23),,,2026-07-23,
RUDRA,IN,signal,golden_cross 2026-07-13 (backfilled) | symbol corrected from RUDRAGAS (2026-07-23),2026-07-13,73.8,2026-07-23,
RPOWER,IN,evicted,evicted 2026-07-23 after 15 sessions in sell zone,,,2026-07-24,
TTML,IN,evicted,evicted 2026-07-23 after 15 sessions in sell zone,,,2026-07-24,
CANBK,IN,signal,value_rerating 2026-07-24,2026-07-24,126.46,2026-07-24,
SSTK,US,justified,19.9 RSI @ 2026-07-24,2026-07-24,,2026-07-24,
KKRT,US,justified,23.9 RSI @ 2026-07-24,2026-07-24,,2026-07-24,
SPRY,US,justified,25.5 RSI @ 2026-07-24,2026-07-24,,2026-07-24,
TLRY,US,justified,25.5 RSI @ 2026-07-24,2026-07-24,,2026-07-24,
SNPS,US,justified,25.5 RSI @ 2026-07-24,2026-07-24,,2026-07-24,
LAC,US,justified,25.5 RSI @ 2026-07-24,2026-07-24,,2026-07-24,
INSG,US,justified,25.7 RSI @ 2026-07-24,2026-07-24,,2026-07-24,
ALB,US,justified,25.9 RSI @ 2026-07-24,2026-07-24,,2026-07-24,
T-PA,US,justified,26.4 RSI @ 2026-07-24,2026-07-24,,2026-07-24,
210980.KS,KR,justified,8.3 RSI @ 2026-07-24,2026-07-24,,2026-07-24,
051360.KQ,KR,justified,14.2 RSI @ 2026-07-24,2026-07-24,,2026-07-24,
102940.KQ,KR,justified,17.2 RSI @ 2026-07-24,2026-07-24,,2026-07-24,
106190.KQ,KR,justified,19.5 RSI @ 2026-07-24,2026-07-24,,2026-07-24,
950160.KQ,KR,justified,20.1 RSI @ 2026-07-24,2026-07-24,,2026-07-24,
002020.KS,KR,justified,20.4 RSI @ 2026-07-24,2026-07-24,,2026-07-24,
365340.KQ,KR,justified,21.6 RSI @ 2026-07-24,2026-07-24,,2026-07-24,
084680.KS,KR,justified,21.6 RSI @ 2026-07-24,2026-07-24,,2026-07-24,
179900.KQ,KR,justified,21.8 RSI @ 2026-07-24,2026-07-24,,2026-07-24,
7273.T,JP,justified,22.6 RSI @ 2026-07-24,2026-07-24,,2026-07-24,
9412.T,JP,justified,29.2 RSI @ 2026-07-24,2026-07-24,,2026-07-24,
6928.T,JP,justified,29.8 RSI @ 2026-07-24,2026-07-24,,2026-07-24,
ASTRAZEN,IN,signal,tuned-model 2026-07-24,2026-07-24,,2026-07-24,
BHARATRAS,IN,signal,tuned-model 2026-07-24,2026-07-24,,2026-07-24,
IRCON,IN,signal,tuned-model 2026-07-24,2026-07-24,,2026-07-24,
URJA,IN,signal,tuned-model 2026-07-24,2026-07-24,,2026-07-24,
FIRSTCRY,IN,signal,tuned-model 2026-07-24,2026-07-24,,2026-07-24,
INDIAMART,IN,signal,tuned-model 2026-07-24,2026-07-24,,2026-07-24,
CELLO,IN,signal,tuned-model 2026-07-24,2026-07-24,,2026-07-24,
NFL,IN,signal,tuned-model 2026-07-24,2026-07-24,,2026-07-24,
GSFC,IN,signal,tuned-model 2026-07-24,2026-07-24,,2026-07-24,
SJVN,IN,signal,tuned-model 2026-07-24,2026-07-24,,2026-07-24,
HSY,US,signal,tuned-model 2026-07-24,2026-07-24,,2026-07-24,
ASO,US,signal,tuned-model 2026-07-24,2026-07-24,,2026-07-24,
PEP,US,signal,tuned-model 2026-07-24,2026-07-24,,2026-07-24,
NRP,US,signal,tuned-model 2026-07-24,2026-07-24,,2026-07-24,
RAILTEL,IN,evicted,evicted 2026-07-23 after 14 sessions in sell zone,,,2026-07-27,
SKFINDIA,IN,evicted,evicted 2026-07-23 after 14 sessions in sell zone,,,2026-07-27,
CANBK,IN,signal,value_rerating 2026-07-27,2026-07-27,126.46,2026-07-27,
FINPIPE,IN,evicted,evicted 2026-07-23 after 13 sessions in sell zone,,,2026-07-27,
LOYALTEX,IN,evicted,evicted 2026-07-23 after 13 sessions in sell zone,,,2026-07-27,
SCI,IN,evicted,evicted 2026-07-23 after 13 sessions in sell zone,,,2026-07-27,
SUPREME,IN,evicted,nan | symbol corrected from SUPREMEPETRO (2026-07-23) | evicted 2026-07-23 after 13 sessions in sell zone,2026-07-23,,2026-07-27,
VBL,IN,evicted,evicted 2026-07-23 after 13 sessions in sell zone,,,2026-07-27,
LGBBROSLTD,IN,evicted,value_rerating 2026-07-23 | evicted 2026-07-23 after 13 sessions in sell zone,2026-07-23,1547.7,2026-07-27,
CANBK,IN,signal,value_rerating 2026-07-27,2026-07-27,126.46,2026-07-27,
LGBBROSLTD,IN,signal,value_rerating 2026-07-27,2026-07-27,1547.7,2026-07-27,
7280.T,JP,purged,value-reversion (LONG) | purged 2026-07-27 — prediction audit: stock bear-state + negative Kalman drift,2026-07-25,1172.0,2026-07-27,prediction audit: stock bear-state + negative Kalman drift
6047.T,JP,purged,28.6 RSI @ 2026-07-22 | purged 2026-07-27 — prediction audit: stock bear-state + negative Kalman drift,2026-07-22,352.0,2026-07-27,prediction audit: stock bear-state + negative Kalman drift
FACT,US,purged,technical 2026-07-22 | purged 2026-07-27 — prediction audit: stock bear-state + negative Kalman drift,2026-07-22,10.64,2026-07-27,prediction audit: stock bear-state + negative Kalman drift
RPM,US,purged,tuned-model 2026-07-24 | purged 2026-07-27 — prediction audit: stock bear-state + negative Kalman drift,2026-07-24,107.0,2026-07-27,prediction audit: stock bear-state + negative Kalman drift
SOJE,US,purged,cheap-vs-market (LONG) | purged 2026-07-27 — prediction audit: stock bear-state + negative Kalman drift,2026-07-25,16.67,2026-07-27,prediction audit: stock bear-state + negative Kalman drift
CHTR,US,purged,cheap-vs-market (LONG) | purged 2026-07-27 — prediction audit: stock bear-state + negative Kalman drift,2026-07-25,129.22,2026-07-27,prediction audit: stock bear-state + negative Kalman drift
SHOE,US,purged,cheap-vs-market (LONG) | purged 2026-07-27 — prediction audit: stock bear-state + negative Kalman drift,2026-07-25,14.73,2026-07-27,prediction audit: stock bear-state + negative Kalman drift
NXTT,US,purged,cheap-vs-market (LONG) | purged 2026-07-27 — prediction audit: stock bear-state + negative Kalman drift,2026-07-25,0.77,2026-07-27,prediction audit: stock bear-state + negative Kalman drift
CANBK,IN,signal,value_rerating 2026-07-27,2026-07-27,126.46,2026-07-27,
LGBBROSLTD,IN,signal,value_rerating 2026-07-27,2026-07-27,1547.7,2026-07-27,
CANBK,IN,signal,value_rerating 2026-07-28,2026-07-28,126.46,2026-07-28,
LGBBROSLTD,IN,signal,value_rerating 2026-07-28,2026-07-28,1547.7,2026-07-28,
SSTK,US,justified,19.9 RSI @ 2026-07-28,2026-07-28,,2026-07-28,
LBRT,US,justified,22.3 RSI @ 2026-07-28,2026-07-28,,2026-07-28,
INSG,US,justified,23.0 RSI @ 2026-07-28,2026-07-28,,2026-07-28,
TLRY,US,justified,23.8 RSI @ 2026-07-28,2026-07-28,,2026-07-28,
LAC,US,justified,24.0 RSI @ 2026-07-28,2026-07-28,,2026-07-28,
AFCG,US,justified,24.6 RSI @ 2026-07-28,2026-07-28,,2026-07-28,
ALB,US,justified,25.1 RSI @ 2026-07-28,2026-07-28,,2026-07-28,
SPRY,US,justified,25.3 RSI @ 2026-07-28,2026-07-28,,2026-07-28,
051360.KQ,KR,justified,3.9 RSI @ 2026-07-28,2026-07-28,,2026-07-28,
210980.KS,KR,justified,15.1 RSI @ 2026-07-28,2026-07-28,,2026-07-28,
950160.KQ,KR,justified,17.9 RSI @ 2026-07-28,2026-07-28,,2026-07-28,
102940.KQ,KR,justified,19.5 RSI @ 2026-07-28,2026-07-28,,2026-07-28,
043100.KQ,KR,justified,21.9 RSI @ 2026-07-28,2026-07-28,,2026-07-28,
084680.KS,KR,justified,22.2 RSI @ 2026-07-28,2026-07-28,,2026-07-28,
148250.KQ,KR,justified,23.7 RSI @ 2026-07-28,2026-07-28,,2026-07-28,
179900.KQ,KR,justified,24.6 RSI @ 2026-07-28,2026-07-28,,2026-07-28,
002220.KS,KR,justified,24.7 RSI @ 2026-07-28,2026-07-28,,2026-07-28,
6928.T,JP,justified,27.8 RSI @ 2026-07-28,2026-07-28,,2026-07-28,
9412.T,JP,justified,28.2 RSI @ 2026-07-28,2026-07-28,,2026-07-28,
7273.T,JP,justified,29.5 RSI @ 2026-07-28,2026-07-28,,2026-07-28,
8783.T,JP,justified,29.6 RSI @ 2026-07-28,2026-07-28,,2026-07-28,
ABFRL,IN,evicted,evicted 2026-07-23 after 12 sessions in sell zone,,,2026-07-28,
CHAMBLFERT,IN,evicted,evicted 2026-07-23 after 12 sessions in sell zone,,,2026-07-28,
JSWDULUX,IN,evicted,nan | renamed from AKZOINDIA (2026-07-23) | evicted 2026-07-23 after 12 sessions in sell zone,2026-07-23,,2026-07-28,
CANBK,IN,signal,value_rerating 2026-07-28,2026-07-28,126.46,2026-07-28,
LGBBROSLTD,IN,signal,value_rerating 2026-07-28,2026-07-28,1547.7,2026-07-28,
SSTK,US,justified,19.9 RSI @ 2026-07-29,2026-07-29,,2026-07-29,
LBRT,US,justified,22.3 RSI @ 2026-07-29,2026-07-29,,2026-07-29,
INSG,US,justified,23.0 RSI @ 2026-07-29,2026-07-29,,2026-07-29,
TLRY,US,justified,23.8 RSI @ 2026-07-29,2026-07-29,,2026-07-29,
LAC,US,justified,24.0 RSI @ 2026-07-29,2026-07-29,,2026-07-29,
AFCG,US,justified,24.6 RSI @ 2026-07-29,2026-07-29,,2026-07-29,
ALB,US,justified,25.1 RSI @ 2026-07-29,2026-07-29,,2026-07-29,
SPRY,US,justified,25.3 RSI @ 2026-07-29,2026-07-29,,2026-07-29,
051360.KQ,KR,justified,3.8 RSI @ 2026-07-29,2026-07-29,,2026-07-29,
210980.KS,KR,justified,14.7 RSI @ 2026-07-29,2026-07-29,,2026-07-29,
950160.KQ,KR,justified,17.6 RSI @ 2026-07-29,2026-07-29,,2026-07-29,
102940.KQ,KR,justified,18.5 RSI @ 2026-07-29,2026-07-29,,2026-07-29,
148250.KQ,KR,justified,19.2 RSI @ 2026-07-29,2026-07-29,,2026-07-29,
084680.KS,KR,justified,20.7 RSI @ 2026-07-29,2026-07-29,,2026-07-29,
002220.KS,KR,justified,21.1 RSI @ 2026-07-29,2026-07-29,,2026-07-29,
043100.KQ,KR,justified,21.9 RSI @ 2026-07-29,2026-07-29,,2026-07-29,
493330.KQ,KR,justified,23.0 RSI @ 2026-07-29,2026-07-29,,2026-07-29,
6928.T,JP,justified,23.3 RSI @ 2026-07-29,2026-07-29,,2026-07-29,
4516.T,JP,justified,23.9 RSI @ 2026-07-29,2026-07-29,,2026-07-29,
7273.T,JP,justified,24.7 RSI @ 2026-07-29,2026-07-29,,2026-07-29,
4620.T,JP,justified,25.8 RSI @ 2026-07-29,2026-07-29,,2026-07-29,
3719.T,JP,justified,26.2 RSI @ 2026-07-29,2026-07-29,,2026-07-29,
9412.T,JP,justified,26.9 RSI @ 2026-07-29,2026-07-29,,2026-07-29,
4222.T,JP,justified,27.5 RSI @ 2026-07-29,2026-07-29,,2026-07-29,
8783.T,JP,justified,27.8 RSI @ 2026-07-29,2026-07-29,,2026-07-29,
BBOX.L,EU,signal,golden_cross 2026-07-17 (backfilled),2026-07-17,167.2,2026-07-29,market not covered: fundamentals are quality scores in `pb`; ratios table has no EU rows
BBVA.MC,EU,playbook,12M-momentum (LONG),2026-07-25,22.94,2026-07-29,market not covered: fundamentals are quality scores in `pb`; ratios table has no EU rows
BRSC.L,EU,signal,golden_cross 2026-07-17 (backfilled),2026-07-17,269.0,2026-07-29,market not covered: fundamentals are quality scores in `pb`; ratios table has no EU rows
CLDN.L,EU,signal,golden_cross 2026-07-17 (backfilled),2026-07-17,380.5,2026-07-29,market not covered: fundamentals are quality scores in `pb`; ratios table has no EU rows
DBK.F,EU,signal,golden_cross 2026-07-20 (backfilled),2026-07-20,30.355,2026-07-29,market not covered: fundamentals are quality scores in `pb`; ratios table has no EU rows
FCH.L,EU,signal,technical 2026-07-21,2026-07-21,226.0,2026-07-29,market not covered: fundamentals are quality scores in `pb`; ratios table has no EU rows
FME.F,EU,signal,golden_cross 2026-07-20 (backfilled),2026-07-20,42.11,2026-07-29,market not covered: fundamentals are quality scores in `pb`; ratios table has no EU rows
FSG.L,EU,signal,golden_cross 2026-07-15 (backfilled),2026-07-15,469.0,2026-07-29,market not covered: fundamentals are quality scores in `pb`; ratios table has no EU rows
GNC.L,EU,signal,recurring x2 +11.6% since 2026-07-21,2026-07-21,221.8,2026-07-29,market not covered: fundamentals are quality scores in `pb`; ratios table has no EU rows
HAS.L,EU,signal,recurring x2 +6.8% since 2026-07-21,2026-07-21,53.8,2026-07-29,market not covered: fundamentals are quality scores in `pb`; ratios table has no EU rows
HEN3.F,EU,signal,golden_cross 2026-07-16 (backfilled),2026-07-16,73.7,2026-07-29,market not covered: fundamentals are quality scores in `pb`; ratios table has no EU rows
JD.L,EU,signal,golden_cross 2026-07-16 (backfilled),2026-07-16,87.38,2026-07-29,market not covered: fundamentals are quality scores in `pb`; ratios table has no EU rows
LRE.L,EU,signal,golden_cross 2026-07-15 (backfilled),2026-07-15,651.5,2026-07-29,market not covered: fundamentals are quality scores in `pb`; ratios table has no EU rows
MKS.L,EU,signal,golden_cross 2026-07-20 (backfilled),2026-07-20,379.9,2026-07-29,market not covered: fundamentals are quality scores in `pb`; ratios table has no EU rows
NCC.L,EU,signal,golden_cross 2026-07-16 (backfilled),2026-07-16,142.8,2026-07-29,market not covered: fundamentals are quality scores in `pb`; ratios table has no EU rows
OTOEL.AT,EU,signal,golden_cross 2026-07-15 (backfilled),2026-07-15,11.06,2026-07-29,market not covered: fundamentals are quality scores in `pb`; ratios table has no EU rows
PANNERGY.BD,EU,signal,technical 2026-07-21,2026-07-21,2500.0,2026-07-29,market not covered: fundamentals are quality scores in `pb`; ratios table has no EU rows
PNDORA.CO,EU,signal,golden_cross 2026-07-15 (backfilled),2026-07-15,796.0,2026-07-29,market not covered: fundamentals are quality scores in `pb`; ratios table has no EU rows
PUM.F,EU,signal,technical 2026-07-21,2026-07-21,28.7,2026-07-29,market not covered: fundamentals are quality scores in `pb`; ratios table has no EU rows
RAND.AS,EU,signal,recurring x2 +13.1% since 2026-07-21,2026-07-21,31.86,2026-07-29,market not covered: fundamentals are quality scores in `pb`; ratios table has no EU rows
RED.MC,EU,signal,golden_cross 2026-07-20 (backfilled),2026-07-20,15.45,2026-07-29,market not covered: fundamentals are quality scores in `pb`; ratios table has no EU rows
SDF.F,EU,signal,technical 2026-07-22,2026-07-22,,2026-07-29,market not covered: fundamentals are quality scores in `pb`; ratios table has no EU rows
SZG.F,EU,signal,technical 2026-07-21,2026-07-21,54.0,2026-07-29,market not covered: fundamentals are quality scores in `pb`; ratios table has no EU rows
ZAL.F,EU,signal,golden_cross 2026-07-15 (backfilled),2026-07-15,27.67,2026-07-29,market not covered: fundamentals are quality scores in `pb`; ratios table has no EU rows
1787,JP,signal,golden_cross 2026-07-20 (backfilled),2026-07-20,6190.0,2026-07-29,"market not covered: fundamentals are quality scores in `pb` (4 distinct values), not ratios"
1811,JP,signal,technical 2026-07-22,2026-07-22,8210.0,2026-07-29,"market not covered: fundamentals are quality scores in `pb` (4 distinct values), not ratios"
2112.T,JP,playbook,value-reversion (LONG),2026-07-25,,2026-07-29,"market not covered: fundamentals are quality scores in `pb` (4 distinct values), not ratios"
2175,JP,signal,technical 2026-07-21,2026-07-21,2478.0,2026-07-29,"market not covered: fundamentals are quality scores in `pb` (4 distinct values), not ratios"
2220.T,JP,playbook,value-reversion (LONG),2026-07-25,1226.0,2026-07-29,"market not covered: fundamentals are quality scores in `pb` (4 distinct values), not ratios"
2533,JP,signal,golden_cross 2026-07-21 (backfilled),2026-07-21,506.0,2026-07-29,"market not covered: fundamentals are quality scores in `pb` (4 distinct values), not ratios"
2818,JP,signal,golden_cross 2026-07-20 (backfilled),2026-07-20,1770.0,2026-07-29,"market not covered: fundamentals are quality scores in `pb` (4 distinct values), not ratios"
2820,JP,signal,golden_cross 2026-07-17 (backfilled),2026-07-17,5040.0,2026-07-29,"market not covered: fundamentals are quality scores in `pb` (4 distinct values), not ratios"
2882,JP,signal,golden_cross 2026-07-15 (backfilled),2026-07-15,2058.0,2026-07-29,"market not covered: fundamentals are quality scores in `pb` (4 distinct values), not ratios"
3020,JP,signal,golden_cross 2026-07-20 (backfilled),2026-07-20,4120.0,2026-07-29,"market not covered: fundamentals are quality scores in `pb` (4 distinct values), not ratios"
3076,JP,signal,golden_cross 2026-07-15 (backfilled),2026-07-15,2712.0,2026-07-29,"market not covered: fundamentals are quality scores in `pb` (4 distinct values), not ratios"
3420,JP,signal,golden_cross 2026-07-17 (backfilled),2026-07-17,1585.0,2026-07-29,"market not covered: fundamentals are quality scores in `pb` (4 distinct values), not ratios"
3475,JP,signal,golden_cross 2026-07-17 (backfilled),2026-07-17,1468.0,2026-07-29,"market not covered: fundamentals are quality scores in `pb` (4 distinct values), not ratios"
3536,JP,signal,golden_cross 2026-07-21 (backfilled),2026-07-21,130.0,2026-07-29,"market not covered: fundamentals are quality scores in `pb` (4 distinct values), not ratios"
3632,JP,signal,golden_cross 2026-07-15 (backfilled),2026-07-15,399.0,2026-07-29,"market not covered: fundamentals are quality scores in `pb` (4 distinct values), not ratios"
3753,JP,signal,golden_cross 2026-07-17 (backfilled),2026-07-17,190.0,2026-07-29,"market not covered: fundamentals are quality scores in `pb` (4 distinct values), not ratios"
3769,JP,signal,golden_cross 2026-07-21 (backfilled),2026-07-21,9929.0,2026-07-29,"market not covered: fundamentals are quality scores in `pb` (4 distinct values), not ratios"
3776.T,JP,justified,28.8 RSI @ 2026-07-23,2026-07-23,240.0,2026-07-29,"market not covered: fundamentals are quality scores in `pb` (4 distinct values), not ratios"
3791.T,JP,justified,28.5 RSI @ 2026-07-23,2026-07-23,950.0,2026-07-29,"market not covered: fundamentals are quality scores in `pb` (4 distinct values), not ratios"
3946,JP,signal,technical 2026-07-22,2026-07-22,4465.0,2026-07-29,"market not covered: fundamentals are quality scores in `pb` (4 distinct values), not ratios"
4053,JP,signal,golden_cross 2026-07-21 (backfilled),2026-07-21,456.0,2026-07-29,"market not covered: fundamentals are quality scores in `pb` (4 distinct values), not ratios"
4092,JP,signal,recurring x2 +10.2% since 2026-07-21,2026-07-21,5190.0,2026-07-29,"market not covered: fundamentals are quality scores in `pb` (4 distinct values), not ratios"
4197,JP,signal,technical 2026-07-21,2026-07-21,2330.0,2026-07-29,"market not covered: fundamentals are quality scores in `pb` (4 distinct values), not ratios"
4206,JP,signal,golden_cross 2026-07-21 (backfilled),2026-07-21,3681.0,2026-07-29,"market not covered: fundamentals are quality scores in `pb` (4 distinct values), not ratios"
4221,JP,signal,golden_cross 2026-07-15 (backfilled),2026-07-15,5040.0,2026-07-29,"market not covered: fundamentals are quality scores in `pb` (4 distinct values), not ratios"
4249,JP,signal,technical 2026-07-22,2026-07-22,2546.0,2026-07-29,"market not covered: fundamentals are quality scores in `pb` (4 distinct values), not ratios"
4441,JP,signal,technical 2026-07-21,2026-07-21,1570.0,2026-07-29,"market not covered: fundamentals are quality scores in `pb` (4 distinct values), not ratios"
4443,JP,signal,golden_cross 2026-07-17 (backfilled),2026-07-17,1827.0,2026-07-29,"market not covered: fundamentals are quality scores in `pb` (4 distinct values), not ratios"
4543,JP,signal,golden_cross 2026-07-20 (backfilled),2026-07-20,2240.5,2026-07-29,"market not covered: fundamentals are quality scores in `pb` (4 distinct values), not ratios"
4680,JP,signal,golden_cross 2026-07-21 (backfilled),2026-07-21,1270.0,2026-07-29,"market not covered: fundamentals are quality scores in `pb` (4 distinct values), not ratios"
4728,JP,signal,golden_cross 2026-07-15 (backfilled),2026-07-15,641.0,2026-07-29,"market not covered: fundamentals are quality scores in `pb` (4 distinct values), not ratios"
5108,JP,signal,golden_cross 2026-07-20 (backfilled),2026-07-20,3778.0,2026-07-29,"market not covered: fundamentals are quality scores in `pb` (4 distinct values), not ratios"
5269,JP,signal,golden_cross 2026-07-20 (backfilled),2026-07-20,341.0,2026-07-29,"market not covered: fundamentals are quality scores in `pb` (4 distinct values), not ratios"
5393.T,JP,evicted,28.2 RSI @ 2026-07-22 | evicted 2026-07-23 after 8 sessions in sell zone,2026-07-22,3311.0,2026-07-29,"market not covered: fundamentals are quality scores in `pb` (4 distinct values), not ratios"
5909,JP,signal,golden_cross 2026-07-20 (backfilled),2026-07-20,1026.0,2026-07-29,"market not covered: fundamentals are quality scores in `pb` (4 distinct values), not ratios"
5938,JP,signal,golden_cross 2026-07-20 (backfilled),2026-07-20,1861.5,2026-07-29,"market not covered: fundamentals are quality scores in `pb` (4 distinct values), not ratios"
6138,JP,signal,technical 2026-07-22,2026-07-22,1216.0,2026-07-29,"market not covered: fundamentals are quality scores in `pb` (4 distinct values), not ratios"
6276,JP,signal,golden_cross 2026-07-20 (backfilled),2026-07-20,312.0,2026-07-29,"market not covered: fundamentals are quality scores in `pb` (4 distinct values), not ratios"
6325,JP,signal,golden_cross 2026-07-20 (backfilled),2026-07-20,403.0,2026-07-29,"market not covered: fundamentals are quality scores in `pb` (4 distinct values), not ratios"
6333,JP,signal,golden_cross 2026-07-17 (backfilled),2026-07-17,3120.0,2026-07-29,"market not covered: fundamentals are quality scores in `pb` (4 distinct values), not ratios"
6616.T,JP,evicted,29.0 RSI @ 2026-07-22 | evicted 2026-07-23 after 13 sessions in sell zone,2026-07-22,1896.0,2026-07-29,"market not covered: fundamentals are quality scores in `pb` (4 distinct values), not ratios"
6915,JP,signal,golden_cross 2026-07-20 (backfilled),2026-07-20,3290.0,2026-07-29,"market not covered: fundamentals are quality scores in `pb` (4 distinct values), not ratios"
6995,JP,signal,golden_cross 2026-07-21 (backfilled),2026-07-21,3115.0,2026-07-29,"market not covered: fundamentals are quality scores in `pb` (4 distinct values), not ratios"
7033,JP,signal,golden_cross 2026-07-17 (backfilled),2026-07-17,1362.0,2026-07-29,"market not covered: fundamentals are quality scores in `pb` (4 distinct values), not ratios"
7060,JP,signal,golden_cross 2026-07-20 (backfilled),2026-07-20,628.0,2026-07-29,"market not covered: fundamentals are quality scores in `pb` (4 distinct values), not ratios"
7102.T,JP,playbook,value-reversion (LONG),2026-07-25,3695.0,2026-07-29,"market not covered: fundamentals are quality scores in `pb` (4 distinct values), not ratios"
7175,JP,signal,technical 2026-07-22,2026-07-22,1590.0,2026-07-29,"market not covered: fundamentals are quality scores in `pb` (4 distinct values), not ratios"
7212.T,JP,playbook,value-reversion (LONG),2026-07-25,682.0,2026-07-29,"market not covered: fundamentals are quality scores in `pb` (4 distinct values), not ratios"
7231.T,JP,playbook,value-reversion (LONG),2026-07-25,2922.0,2026-07-29,"market not covered: fundamentals are quality scores in `pb` (4 distinct values), not ratios"
7815.T,JP,playbook,value-reversion (LONG),2026-07-25,365.0,2026-07-29,"market not covered: fundamentals are quality scores in `pb` (4 distinct values), not ratios"
7867,JP,signal,technical 2026-07-21,2026-07-21,3690.0,2026-07-29,"market not covered: fundamentals are quality scores in `pb` (4 distinct values), not ratios"
8075,JP,signal,golden_cross 2026-07-20 (backfilled),2026-07-20,2504.0,2026-07-29,"market not covered: fundamentals are quality scores in `pb` (4 distinct values), not ratios"
8101,JP,signal,technical 2026-07-21,2026-07-21,2654.0,2026-07-29,"market not covered: fundamentals are quality scores in `pb` (4 distinct values), not ratios"
8147,JP,signal,golden_cross 2026-07-20 (backfilled),2026-07-20,1470.0,2026-07-29,"market not covered: fundamentals are quality scores in `pb` (4 distinct values), not ratios"
8281,JP,signal,golden_cross 2026-07-21 (backfilled),2026-07-21,1108.0,2026-07-29,"market not covered: fundamentals are quality scores in `pb` (4 distinct values), not ratios"
8338.T,JP,playbook,value-reversion (LONG),2026-07-25,670.0,2026-07-29,"market not covered: fundamentals are quality scores in `pb` (4 distinct values), not ratios"
8387.T,JP,playbook,value-reversion (LONG),2026-07-25,3290.0,2026-07-29,"market not covered: fundamentals are quality scores in `pb` (4 distinct values), not ratios"
8410,JP,signal,technical 2026-07-21,2026-07-21,311.3,2026-07-29,"market not covered: fundamentals are quality scores in `pb` (4 distinct values), not ratios"
8424,JP,signal,golden_cross 2026-07-20 (backfilled),2026-07-20,4425.0,2026-07-29,"market not covered: fundamentals are quality scores in `pb` (4 distinct values), not ratios"
8923,JP,signal,golden_cross 2026-07-17 (backfilled),2026-07-17,1783.0,2026-07-29,"market not covered: fundamentals are quality scores in `pb` (4 distinct values), not ratios"
9082,JP,signal,golden_cross 2026-07-15 (backfilled),2026-07-15,1537.0,2026-07-29,"market not covered: fundamentals are quality scores in `pb` (4 distinct values), not ratios"
9202,JP,signal,golden_cross 2026-07-15 (backfilled),2026-07-15,3004.0,2026-07-29,"market not covered: fundamentals are quality scores in `pb` (4 distinct values), not ratios"
9686,JP,signal,golden_cross 2026-07-15 (backfilled),2026-07-15,1633.0,2026-07-29,"market not covered: fundamentals are quality scores in `pb` (4 distinct values), not ratios"
9997,JP,signal,golden_cross 2026-07-15 (backfilled),2026-07-15,1045.0,2026-07-29,"market not covered: fundamentals are quality scores in `pb` (4 distinct values), not ratios"
002380.KS,KR,value-hold,value-cluster PE2.4 ROE20% (validated reversion) 2026-07-24,2026-07-24,,2026-07-29,"market not covered: fundamentals are quality scores in `roe` (80/55/40/20), not ratios"
006490.KS,KR,justified,20.9 RSI @ 2026-07-22,2026-07-22,1002.0,2026-07-29,"market not covered: fundamentals are quality scores in `roe` (80/55/40/20), not ratios"
007370.KQ,KR,value-hold,value-cluster PE2.4 ROE14% (validated reversion) 2026-07-24,2026-07-24,,2026-07-29,"market not covered: fundamentals are quality scores in `roe` (80/55/40/20), not ratios"
015760.KS,KR,value-hold,value-cluster PE2.5 ROE18% (validated reversion) 2026-07-24,2026-07-24,,2026-07-29,"market not covered: fundamentals are quality scores in `roe` (80/55/40/20), not ratios"
020710.KQ,KR,value-hold,value-cluster PE2.3 ROE16% (validated reversion) 2026-07-24,2026-07-24,,2026-07-29,"market not covered: fundamentals are quality scores in `roe` (80/55/40/20), not ratios"
066980.KQ,KR,playbook,expensive∩lo-ROE (SHORT),2026-07-25,1587.0,2026-07-29,"market not covered: fundamentals are quality scores in `roe` (80/55/40/20), not ratios"
069730.KS,KR,playbook,cheap∩hi-ROE (LONG),2026-07-25,5800.0,2026-07-29,"market not covered: fundamentals are quality scores in `roe` (80/55/40/20), not ratios"
071320.KS,KR,value-hold,value-cluster PE2.2 ROE15% (validated reversion) 2026-07-24,2026-07-24,,2026-07-29,"market not covered: fundamentals are quality scores in `roe` (80/55/40/20), not ratios"
071670.KQ,KR,playbook,expensive∩lo-ROE (SHORT),2026-07-25,5100.0,2026-07-29,"market not covered: fundamentals are quality scores in `roe` (80/55/40/20), not ratios"
088130.KQ,KR,playbook,cheap∩hi-ROE (LONG),2026-07-25,5040.0,2026-07-29,"market not covered: fundamentals are quality scores in `roe` (80/55/40/20), not ratios"
088910.KQ,KR,playbook,cheap∩hi-ROE (LONG),2026-07-25,2170.0,2026-07-29,"market not covered: fundamentals are quality scores in `roe` (80/55/40/20), not ratios"
089030.KQ,KR,playbook,expensive∩lo-ROE (SHORT),2026-07-25,49250.0,2026-07-29,"market not covered: fundamentals are quality scores in `roe` (80/55/40/20), not ratios"
093370.KS,KR,playbook,expensive∩lo-ROE (SHORT),2026-07-25,11190.0,2026-07-29,"market not covered: fundamentals are quality scores in `roe` (80/55/40/20), not ratios"
096760.KS,KR,playbook,cheap∩hi-ROE (LONG),2026-07-25,3827.0,2026-07-29,"market not covered: fundamentals are quality scores in `roe` (80/55/40/20), not ratios"
098460.KQ,KR,playbook,expensive∩lo-ROE (SHORT),2026-07-25,27100.0,2026-07-29,"market not covered: fundamentals are quality scores in `roe` (80/55/40/20), not ratios"
100220.KS,KR,playbook,cheap∩hi-ROE (LONG),2026-07-25,4705.0,2026-07-29,"market not covered: fundamentals are quality scores in `roe` (80/55/40/20), not ratios"
101160,KR,signal,technical 2026-07-21,2026-07-21,29450.0,2026-07-29,"market not covered: fundamentals are quality scores in `roe` (80/55/40/20), not ratios"
104040,KR,signal,technical 2026-07-21,2026-07-21,2880.0,2026-07-29,"market not covered: fundamentals are quality scores in `roe` (80/55/40/20), not ratios"
105560,KR,signal,technical 2026-07-21,2026-07-21,174000.0,2026-07-29,"market not covered: fundamentals are quality scores in `roe` (80/55/40/20), not ratios"
119850,KR,signal,technical 2026-07-21,2026-07-21,35750.0,2026-07-29,"market not covered: fundamentals are quality scores in `roe` (80/55/40/20), not ratios"
120240,KR,signal,technical 2026-07-21,2026-07-21,14640.0,2026-07-29,"market not covered: fundamentals are quality scores in `roe` (80/55/40/20), not ratios"
123750.KQ,KR,playbook,expensive∩lo-ROE (SHORT),2026-07-25,2075.0,2026-07-29,"market not covered: fundamentals are quality scores in `roe` (80/55/40/20), not ratios"
12690,KR,signal,technical 2026-07-22,2026-07-22,1659.0,2026-07-29,"market not covered: fundamentals are quality scores in `roe` (80/55/40/20), not ratios"
127120,KR,signal,technical 2026-07-21,2026-07-21,32600.0,2026-07-29,"market not covered: fundamentals are quality scores in `roe` (80/55/40/20), not ratios"
130660.KS,KR,playbook,expensive∩lo-ROE (SHORT),2026-07-25,10780.0,2026-07-29,"market not covered: fundamentals are quality scores in `roe` (80/55/40/20), not ratios"
131290,KR,signal,technical 2026-07-21,2026-07-21,251000.0,2026-07-29,"market not covered: fundamentals are quality scores in `roe` (80/55/40/20), not ratios"
136490,KR,signal,technical 2026-07-21,2026-07-21,9770.0,2026-07-29,"market not covered: fundamentals are quality scores in `roe` (80/55/40/20), not ratios"
136490.KS,KR,playbook,cheap∩hi-ROE (LONG),2026-07-25,9650.0,2026-07-29,"market not covered: fundamentals are quality scores in `roe` (80/55/40/20), not ratios"
14100,KR,signal,technical 2026-07-21,2026-07-21,1889.0,2026-07-29,"market not covered: fundamentals are quality scores in `roe` (80/55/40/20), not ratios"
144960,KR,signal,technical 2026-07-21,2026-07-21,10000.0,2026-07-29,"market not covered: fundamentals are quality scores in `roe` (80/55/40/20), not ratios"
145210,KR,evicted,technical 2026-07-21 | evicted 2026-07-23 after 10 sessions in sell zone,2026-07-21,224.0,2026-07-29,"market not covered: fundamentals are quality scores in `roe` (80/55/40/20), not ratios"
14710,KR,signal,technical 2026-07-21,2026-07-21,9170.0,2026-07-29,"market not covered: fundamentals are quality scores in `roe` (80/55/40/20), not ratios"
15020,KR,signal,technical 2026-07-21,2026-07-21,928.0,2026-07-29,"market not covered: fundamentals are quality scores in `roe` (80/55/40/20), not ratios"
1540,KR,signal,technical 2026-07-21,2026-07-21,11560.0,2026-07-29,"market not covered: fundamentals are quality scores in `roe` (80/55/40/20), not ratios"
163730.KQ,KR,playbook,expensive∩lo-ROE (SHORT),2026-07-25,8040.0,2026-07-29,"market not covered: fundamentals are quality scores in `roe` (80/55/40/20), not ratios"
16920,KR,signal,technical 2026-07-21,2026-07-21,1008.0,2026-07-29,"market not covered: fundamentals are quality scores in `roe` (80/55/40/20), not ratios"
175330,KR,signal,technical 2026-07-21,2026-07-21,26000.0,2026-07-29,"market not covered: fundamentals are quality scores in `roe` (80/55/40/20), not ratios"
17650,KR,signal,technical 2026-07-21,2026-07-21,9140.0,2026-07-29,"market not covered: fundamentals are quality scores in `roe` (80/55/40/20), not ratios"
17890,KR,signal,technical 2026-07-21,2026-07-21,13170.0,2026-07-29,"market not covered: fundamentals are quality scores in `roe` (80/55/40/20), not ratios"
185490,KR,signal,technical 2026-07-21,2026-07-21,1500.0,2026-07-29,"market not covered: fundamentals are quality scores in `roe` (80/55/40/20), not ratios"
192390,KR,signal,technical 2026-07-21,2026-07-21,1834.0,2026-07-29,"market not covered: fundamentals are quality scores in `roe` (80/55/40/20), not ratios"
20120,KR,signal,technical 2026-07-21,2026-07-21,3585.0,2026-07-29,"market not covered: fundamentals are quality scores in `roe` (80/55/40/20), not ratios"
212560,KR,signal,technical 2026-07-21,2026-07-21,10560.0,2026-07-29,"market not covered: fundamentals are quality scores in `roe` (80/55/40/20), not ratios"
212710,KR,signal,technical 2026-07-21,2026-07-21,9000.0,2026-07-29,"market not covered: fundamentals are quality scores in `roe` (80/55/40/20), not ratios"
214260,KR,signal,technical 2026-07-21,2026-07-21,8550.0,2026-07-29,"market not covered: fundamentals are quality scores in `roe` (80/55/40/20), not ratios"
21650,KR,signal,technical 2026-07-21,2026-07-21,2190.0,2026-07-29,"market not covered: fundamentals are quality scores in `roe` (80/55/40/20), not ratios"
219130,KR,signal,technical 2026-07-21,2026-07-21,75900.0,2026-07-29,"market not covered: fundamentals are quality scores in `roe` (80/55/40/20), not ratios"
222040,KR,signal,technical 2026-07-21,2026-07-21,8200.0,2026-07-29,"market not covered: fundamentals are quality scores in `roe` (80/55/40/20), not ratios"
227610,KR,signal,technical 2026-07-21,2026-07-21,1431.0,2026-07-29,"market not covered: fundamentals are quality scores in `roe` (80/55/40/20), not ratios"
236200,KR,signal,technical 2026-07-21,2026-07-21,47300.0,2026-07-29,"market not covered: fundamentals are quality scores in `roe` (80/55/40/20), not ratios"
237750,KR,evicted,technical 2026-07-21 | evicted 2026-07-23 after 6 sessions in sell zone,2026-07-21,3995.0,2026-07-29,"market not covered: fundamentals are quality scores in `roe` (80/55/40/20), not ratios"
244920,KR,signal,technical 2026-07-21,2026-07-21,11370.0,2026-07-29,"market not covered: fundamentals are quality scores in `roe` (80/55/40/20), not ratios"
263800,KR,signal,technical 2026-07-21,2026-07-21,6040.0,2026-07-29,"market not covered: fundamentals are quality scores in `roe` (80/55/40/20), not ratios"
26890,KR,signal,technical 2026-07-21,2026-07-21,8170.0,2026-07-29,"market not covered: fundamentals are quality scores in `roe` (80/55/40/20), not ratios"
26910,KR,signal,technical 2026-07-21,2026-07-21,5390.0,2026-07-29,"market not covered: fundamentals are quality scores in `roe` (80/55/40/20), not ratios"
270520,KR,signal,technical 2026-07-21,2026-07-21,2875.0,2026-07-29,"market not covered: fundamentals are quality scores in `roe` (80/55/40/20), not ratios"
270870,KR,signal,technical 2026-07-21,2026-07-21,4620.0,2026-07-29,"market not covered: fundamentals are quality scores in `roe` (80/55/40/20), not ratios"
2820,KR,signal,technical 2026-07-21,2026-07-21,2285.0,2026-07-29,"market not covered: fundamentals are quality scores in `roe` (80/55/40/20), not ratios"
284740.KS,KR,playbook,cheap∩hi-ROE (LONG),2026-07-25,21100.0,2026-07-29,"market not covered: fundamentals are quality scores in `roe` (80/55/40/20), not ratios"
290690,KR,signal,technical 2026-07-21,2026-07-21,4300.0,2026-07-29,"market not covered: fundamentals are quality scores in `roe` (80/55/40/20), not ratios"
298000.KS,KR,playbook,cheap∩hi-ROE (LONG),2026-07-25,61400.0,2026-07-29,"market not covered: fundamentals are quality scores in `roe` (80/55/40/20), not ratios"
30720,KR,signal,technical 2026-07-21,2026-07-21,5730.0,2026-07-29,"market not covered: fundamentals are quality scores in `roe` (80/55/40/20), not ratios"
310200,KR,signal,technical 2026-07-21,2026-07-21,2440.0,2026-07-29,"market not covered: fundamentals are quality scores in `roe` (80/55/40/20), not ratios"
314930.KQ,KR,playbook,expensive∩lo-ROE (SHORT),2026-07-25,8410.0,2026-07-29,"market not covered: fundamentals are quality scores in `roe` (80/55/40/20), not ratios"
318010,KR,signal,technical 2026-07-21,2026-07-21,3685.0,2026-07-29,"market not covered: fundamentals are quality scores in `roe` (80/55/40/20), not ratios"
319660,KR,signal,technical 2026-07-21,2026-07-21,170000.0,2026-07-29,"market not covered: fundamentals are quality scores in `roe` (80/55/40/20), not ratios"
31980,KR,signal,technical 2026-07-21,2026-07-21,135000.0,2026-07-29,"market not covered: fundamentals are quality scores in `roe` (80/55/40/20), not ratios"
33130,KR,signal,technical 2026-07-21,2026-07-21,1971.0,2026-07-29,"market not covered: fundamentals are quality scores in `roe` (80/55/40/20), not ratios"
332370,KR,signal,technical 2026-07-21,2026-07-21,5270.0,2026-07-29,"market not covered: fundamentals are quality scores in `roe` (80/55/40/20), not ratios"
33560,KR,signal,technical 2026-07-21,2026-07-21,4365.0,2026-07-29,"market not covered: fundamentals are quality scores in `roe` (80/55/40/20), not ratios"
348030,KR,signal,technical 2026-07-21,2026-07-21,2900.0,2026-07-29,"market not covered: fundamentals are quality scores in `roe` (80/55/40/20), not ratios"
348350,KR,signal,technical 2026-07-21,2026-07-21,9480.0,2026-07-29,"market not covered: fundamentals are quality scores in `roe` (80/55/40/20), not ratios"
35610,KR,signal,technical 2026-07-21,2026-07-21,4785.0,2026-07-29,"market not covered: fundamentals are quality scores in `roe` (80/55/40/20), not ratios"
361670,KR,signal,technical 2026-07-21,2026-07-21,3395.0,2026-07-29,"market not covered: fundamentals are quality scores in `roe` (80/55/40/20), not ratios"
362320,KR,signal,technical 2026-07-22,2026-07-22,4750.0,2026-07-29,"market not covered: fundamentals are quality scores in `roe` (80/55/40/20), not ratios"
3680,KR,signal,technical 2026-07-21,2026-07-21,8600.0,2026-07-29,"market not covered: fundamentals are quality scores in `roe` (80/55/40/20), not ratios"
3690,KR,signal,technical 2026-07-21,2026-07-21,13380.0,2026-07-29,"market not covered: fundamentals are quality scores in `roe` (80/55/40/20), not ratios"
36930,KR,signal,technical 2026-07-21,2026-07-21,169200.0,2026-07-29,"market not covered: fundamentals are quality scores in `roe` (80/55/40/20), not ratios"
380540,KR,signal,technical 2026-07-21,2026-07-21,8450.0,2026-07-29,"market not covered: fundamentals are quality scores in `roe` (80/55/40/20), not ratios"
38880,KR,signal,golden_cross 2026-07-15 (backfilled),2026-07-15,4240.0,2026-07-29,"market not covered: fundamentals are quality scores in `roe` (80/55/40/20), not ratios"
399720,KR,signal,technical 2026-07-21,2026-07-21,45200.0,2026-07-29,"market not covered: fundamentals are quality scores in `roe` (80/55/40/20), not ratios"
400,KR,signal,technical 2026-07-21,2026-07-21,2180.0,2026-07-29,"market not covered: fundamentals are quality scores in `roe` (80/55/40/20), not ratios"
416180.KQ,KR,playbook,expensive∩lo-ROE (SHORT),2026-07-25,18070.0,2026-07-29,"market not covered: fundamentals are quality scores in `roe` (80/55/40/20), not ratios"
417310.KS,KR,playbook,expensive∩lo-ROE (SHORT),2026-07-25,10730.0,2026-07-29,"market not covered: fundamentals are quality scores in `roe` (80/55/40/20), not ratios"
42420,KR,signal,technical 2026-07-21,2026-07-21,22600.0,2026-07-29,"market not covered: fundamentals are quality scores in `roe` (80/55/40/20), not ratios"
43590,KR,signal,technical 2026-07-21,2026-07-21,1410.0,2026-07-29,"market not covered: fundamentals are quality scores in `roe` (80/55/40/20), not ratios"
4430,KR,signal,technical 2026-07-21,2026-07-21,12080.0,2026-07-29,"market not covered: fundamentals are quality scores in `roe` (80/55/40/20), not ratios"
44340,KR,signal,technical 2026-07-21,2026-07-21,4135.0,2026-07-29,"market not covered: fundamentals are quality scores in `roe` (80/55/40/20), not ratios"
446540,KR,signal,technical 2026-07-21,2026-07-21,6680.0,2026-07-29,"market not covered: fundamentals are quality scores in `roe` (80/55/40/20), not ratios"
448730.KS,KR,playbook,expensive∩lo-ROE (SHORT),2026-07-25,5520.0,2026-07-29,"market not covered: fundamentals are quality scores in `roe` (80/55/40/20), not ratios"
45060,KR,signal,technical 2026-07-21,2026-07-21,2200.0,2026-07-29,"market not covered: fundamentals are quality scores in `roe` (80/55/40/20), not ratios"
453340,KR,signal,technical 2026-07-21,2026-07-21,18020.0,2026-07-29,"market not covered: fundamentals are quality scores in `roe` (80/55/40/20), not ratios"
457600,KR,signal,technical 2026-07-21,2026-07-21,3310.0,2026-07-29,"market not covered: fundamentals are quality scores in `roe` (80/55/40/20), not ratios"
472850.KQ,KR,playbook,cheap∩hi-ROE (LONG),2026-07-25,3820.0,2026-07-29,"market not covered: fundamentals are quality scores in `roe` (80/55/40/20), not ratios"
475150,KR,signal,technical 2026-07-21,2026-07-21,55900.0,2026-07-29,"market not covered: fundamentals are quality scores in `roe` (80/55/40/20), not ratios"
481070,KR,signal,technical 2026-07-21,2026-07-21,16200.0,2026-07-29,"market not covered: fundamentals are quality scores in `roe` (80/55/40/20), not ratios"
52330,KR,signal,technical 2026-07-21,2026-07-21,12010.0,2026-07-29,"market not covered: fundamentals are quality scores in `roe` (80/55/40/20), not ratios"
53350,KR,signal,technical 2026-07-21,2026-07-21,3625.0,2026-07-29,"market not covered: fundamentals are quality scores in `roe` (80/55/40/20), not ratios"
5360,KR,signal,technical 2026-07-21,2026-07-21,2615.0,2026-07-29,"market not covered: fundamentals are quality scores in `roe` (80/55/40/20), not ratios"
5430,KR,signal,technical 2026-07-21,2026-07-21,79300.0,2026-07-29,"market not covered: fundamentals are quality scores in `roe` (80/55/40/20), not ratios"
54410,KR,signal,technical 2026-07-21,2026-07-21,3590.0,2026-07-29,"market not covered: fundamentals are quality scores in `roe` (80/55/40/20), not ratios"
54940,KR,signal,golden_cross 2026-07-15 (backfilled),2026-07-15,867.0,2026-07-29,"market not covered: fundamentals are quality scores in `roe` (80/55/40/20), not ratios"
55550,KR,signal,technical 2026-07-21,2026-07-21,104700.0,2026-07-29,"market not covered: fundamentals are quality scores in `roe` (80/55/40/20), not ratios"
5670,KR,signal,technical 2026-07-21,2026-07-21,6380.0,2026-07-29,"market not covered: fundamentals are quality scores in `roe` (80/55/40/20), not ratios"
57540,KR,signal,technical 2026-07-21,2026-07-21,940.0,2026-07-29,"market not covered: fundamentals are quality scores in `roe` (80/55/40/20), not ratios"
58630,KR,signal,technical 2026-07-21,2026-07-21,4420.0,2026-07-29,"market not covered: fundamentals are quality scores in `roe` (80/55/40/20), not ratios"
6090,KR,signal,technical 2026-07-21,2026-07-21,8260.0,2026-07-29,"market not covered: fundamentals are quality scores in `roe` (80/55/40/20), not ratios"
61090,KR,signal,technical 2026-07-21,2026-07-21,42350.0,2026-07-29,"market not covered: fundamentals are quality scores in `roe` (80/55/40/20), not ratios"
6120,KR,signal,technical 2026-07-21,2026-07-21,50400.0,2026-07-29,"market not covered: fundamentals are quality scores in `roe` (80/55/40/20), not ratios"
6340,KR,signal,technical 2026-07-21,2026-07-21,11840.0,2026-07-29,"market not covered: fundamentals are quality scores in `roe` (80/55/40/20), not ratios"
6370,KR,signal,technical 2026-07-21,2026-07-21,5620.0,2026-07-29,"market not covered: fundamentals are quality scores in `roe` (80/55/40/20), not ratios"
65690,KR,signal,technical 2026-07-22,2026-07-22,1417.0,2026-07-29,"market not covered: fundamentals are quality scores in `roe` (80/55/40/20), not ratios"
66590,KR,signal,technical 2026-07-21,2026-07-21,3185.0,2026-07-29,"market not covered: fundamentals are quality scores in `roe` (80/55/40/20), not ratios"
66620,KR,signal,technical 2026-07-21,2026-07-21,23850.0,2026-07-29,"market not covered: fundamentals are quality scores in `roe` (80/55/40/20), not ratios"
69460,KR,signal,technical 2026-07-21,2026-07-21,2660.0,2026-07-29,"market not covered: fundamentals are quality scores in `roe` (80/55/40/20), not ratios"
70590,KR,signal,technical 2026-07-21,2026-07-21,1639.0,2026-07-29,"market not covered: fundamentals are quality scores in `roe` (80/55/40/20), not ratios"
7070,KR,signal,technical 2026-07-21,2026-07-21,25750.0,2026-07-29,"market not covered: fundamentals are quality scores in `roe` (80/55/40/20), not ratios"
71200,KR,signal,technical 2026-07-21,2026-07-21,8600.0,2026-07-29,"market not covered: fundamentals are quality scores in `roe` (80/55/40/20), not ratios"
71950,KR,signal,technical 2026-07-21,2026-07-21,1750.0,2026-07-29,"market not covered: fundamentals are quality scores in `roe` (80/55/40/20), not ratios"
73240,KR,signal,technical 2026-07-21,2026-07-21,6100.0,2026-07-29,"market not covered: fundamentals are quality scores in `roe` (80/55/40/20), not ratios"
79650,KR,signal,technical 2026-07-21,2026-07-21,4255.0,2026-07-29,"market not covered: fundamentals are quality scores in `roe` (80/55/40/20), not ratios"
79940,KR,signal,technical 2026-07-21,2026-07-21,47500.0,2026-07-29,"market not covered: fundamentals are quality scores in `roe` (80/55/40/20), not ratios"
80010,KR,signal,technical 2026-07-21,2026-07-21,7470.0,2026-07-29,"market not covered: fundamentals are quality scores in `roe` (80/55/40/20), not ratios"
82210,KR,signal,technical 2026-07-21,2026-07-21,2085.0,2026-07-29,"market not covered: fundamentals are quality scores in `roe` (80/55/40/20), not ratios"
8490,KR,signal,technical 2026-07-21,2026-07-21,21000.0,2026-07-29,"market not covered: fundamentals are quality scores in `roe` (80/55/40/20), not ratios"
85810,KR,signal,technical 2026-07-21,2026-07-21,1719.0,2026-07-29,"market not covered: fundamentals are quality scores in `roe` (80/55/40/20), not ratios"
86060,KR,signal,technical 2026-07-21,2026-07-21,5150.0,2026-07-29,"market not covered: fundamentals are quality scores in `roe` (80/55/40/20), not ratios"
89860,KR,signal,technical 2026-07-21,2026-07-21,36700.0,2026-07-29,"market not covered: fundamentals are quality scores in `roe` (80/55/40/20), not ratios"
89970,KR,signal,technical 2026-07-21,2026-07-21,89300.0,2026-07-29,"market not covered: fundamentals are quality scores in `roe` (80/55/40/20), not ratios"
90850,KR,signal,technical 2026-07-21,2026-07-21,6060.0,2026-07-29,"market not covered: fundamentals are quality scores in `roe` (80/55/40/20), not ratios"
91440,KR,signal,technical 2026-07-21,2026-07-21,2915.0,2026-07-29,"market not covered: fundamentals are quality scores in `roe` (80/55/40/20), not ratios"
91970,KR,signal,technical 2026-07-21,2026-07-21,3910.0,2026-07-29,"market not covered: fundamentals are quality scores in `roe` (80/55/40/20), not ratios"
9240,KR,signal,technical 2026-07-21,2026-07-21,35300.0,2026-07-29,"market not covered: fundamentals are quality scores in `roe` (80/55/40/20), not ratios"
9310,KR,signal,technical 2026-07-21,2026-07-21,5325.0,2026-07-29,"market not covered: fundamentals are quality scores in `roe` (80/55/40/20), not ratios"
93380,KR,signal,technical 2026-07-21,2026-07-21,2665.0,2026-07-29,"market not covered: fundamentals are quality scores in `roe` (80/55/40/20), not ratios"
94800,KR,signal,technical 2026-07-21,2026-07-21,6300.0,2026-07-29,"market not covered: fundamentals are quality scores in `roe` (80/55/40/20), not ratios"
94840,KR,signal,technical 2026-07-21,2026-07-21,12910.0,2026-07-29,"market not covered: fundamentals are quality scores in `roe` (80/55/40/20), not ratios"
94860,KR,signal,technical 2026-07-21,2026-07-21,1421.0,2026-07-29,"market not covered: fundamentals are quality scores in `roe` (80/55/40/20), not ratios"
95610,KR,signal,technical 2026-07-21,2026-07-21,165700.0,2026-07-29,"market not covered: fundamentals are quality scores in `roe` (80/55/40/20), not ratios"
7280.T,JP,playbook,value-reversion (LONG),2026-07-27,1172.0,2026-07-29,"market not covered: fundamentals are quality scores in `pb` (4 distinct values), not ratios"
8541,JP,signal,recurring x2 +18.4% since 2026-07-21,2026-07-21,2437.0,2026-07-29,"market not covered: fundamentals are quality scores in `pb` (4 distinct values), not ratios"
3697,JP,signal,recurring x2 +12.4% since 2026-07-21,2026-07-21,766.0,2026-07-29,"market not covered: fundamentals are quality scores in `pb` (4 distinct values), not ratios"
ACX.MC,EU,signal,recurring x2 +11.8% since 2026-07-21,2026-07-21,16.32,2026-07-29,market not covered: fundamentals are quality scores in `pb`; ratios table has no EU rows
2437,JP,signal,recurring x2 +11.4% since 2026-07-21,2026-07-21,596.0,2026-07-29,"market not covered: fundamentals are quality scores in `pb` (4 distinct values), not ratios"
2354,JP,signal,recurring x2 +11.3% since 2026-07-21,2026-07-21,1359.0,2026-07-29,"market not covered: fundamentals are quality scores in `pb` (4 distinct values), not ratios"
SGRO.L,EU,signal,recurring x2 +11.0% since 2026-07-21,2026-07-21,885.4,2026-07-29,market not covered: fundamentals are quality scores in `pb`; ratios table has no EU rows
9900,JP,signal,recurring x2 +10.6% since 2026-07-21,2026-07-21,1815.0,2026-07-29,"market not covered: fundamentals are quality scores in `pb` (4 distinct values), not ratios"
8388,JP,signal,recurring x2 +10.4% since 2026-07-21,2026-07-21,7990.0,2026-07-29,"market not covered: fundamentals are quality scores in `pb` (4 distinct values), not ratios"
6047.T,JP,justified,28.7 RSI @ 2026-07-28,2026-07-28,,2026-07-29,"market not covered: fundamentals are quality scores in `pb` (4 distinct values), not ratios"
2767,JP,signal,recurring x2 +29.7% since 2026-07-21,2026-07-21,1488.0,2026-07-29,"market not covered: fundamentals are quality scores in `pb` (4 distinct values), not ratios"
