Date,Day,Task,Owner,Expected,Actual_Status,Time_Spent,Blockers,Notes
2026-08-05,Monday,1.1 Score Scale Verification,Data Sci,9:15 AM - 10:00 AM,⬜ Not Started,0h,None,Run task_1_1_verification.py
2026-08-05,Monday,1.2 Market Query,Data Sci,10:15 AM - 11:00 AM,⬜ Not Started,0h,None,Query all markets coverage
2026-08-05,Monday,GO/NO-GO Decision,Lead,11:00 AM,⬜ Not Started,0h,None,Based on Tasks 1.1 + 1.2
2026-08-05,Monday,Task 2.1 Prep,Backend,11:15 AM - 4:00 PM,⬜ Not Started,0h,None,Read docs & test DuckDB
2026-08-06,Tuesday,Task 2.1 Implementation,Backend,All Day,⬜ Not Started,0h,None,Load quality scores into FeatureEngineering
2026-08-06,Tuesday,Task 2.3 Implementation,Data Sci,All Day,⬜ Not Started,0h,None,Create QualitySignals classification
2026-08-07,Wednesday,Task 2.1 Completion,Backend,EOD,⬜ Not Started,0h,None,Finalize DuckDB loader
2026-08-07,Wednesday,Task 2.3 Completion,Data Sci,EOD,⬜ Not Started,0h,None,Test quality classification
2026-08-07,Wednesday,Unit Tests,QA,EOD,⬜ Not Started,0h,None,Validate both tasks
2026-08-08,Thursday,Task 3.2 Implementation,Data Sci,All Day,⬜ Not Started,0h,None,Liquidity tier segmentation (CRITICAL)
2026-08-08,Thursday,Liquidity Validation,QA,EOD,⬜ Not Started,0h,None,Validate tier segmentation works
2026-08-09,Friday,Task 3.3 Backtest,Data Sci,Morning-2PM,⬜ Not Started,0h,None,5-year NSE backtest
2026-08-09,Friday,Week 1 Summary,Lead,2PM-4PM,⬜ Not Started,0h,None,Report results & plan Week 2

Metric,Monday,Tuesday,Wednesday,Thursday,Friday,Target,Status
LOC Written,0,0,0,0,0,900+,⬜
Commits,0,0,0,0,0,8-12,⬜
Tests Passing,0/0,0/0,0/0,0/0,0/0,100%,⬜
Sharpe Ratio (Baseline),0.60,0.60,0.60,0.60,0.60,0.60,✅
Sharpe Ratio (Target),N/A,N/A,N/A,N/A,N/A,0.85+,⬜
Median Edge (bps),N/A,N/A,N/A,N/A,N/A,50+,⬜
Win Rate (Target),52%,52%,52%,52%,52%,55%+,⬜
Blockers Count,0,0,0,0,0,0,⬜
On Schedule,🟢,🟢,🟢,🟢,🟢,🟢,⬜

Blocker,Task,Issue,Owner,Date_Reported,Status,Resolution
None,N/A,N/A,N/A,N/A,N/A,N/A
